Data-zigilua,Zein Gelako Aldratakoa zara?,LHn zein herritan ikasi duzu? ,LHn zein urtetan amaitu duzu? ,Zein eskolatan ikasi duzu,LHn zein eredutan hasi zinen ikasten?,Batxilergoan zein eredutan amaitu zenuen  ikasten?,"Eredua aldatu baduzu, noiz eta zergatik",Hizkuntzen ezagutza zertifikatua [Euskara],Hizkuntzen ezagutza zertifikatua [Gaztelania],Hizkuntzen ezagutza zertifikatua [Ingelesa],Hizkuntzen ezagutza zertifikatua [Beste],"Besteren bat markatu baduzu, zein eta zein mailatan",Hizkuntzak non erabiltzen dituzun [Euskara],Hizkuntzak non erabiltzen dituzun [Gaztelania],Hizkuntzak non erabiltzen dituzun [Ingelesa],Hizkuntzak non erabiltzen dituzun [Beste],Zertarako gai naizen [Euskara],Zertarako gai naizen [Gaztelania],Zertarako gai naizen [Ingelesa],Zertarako gai naizen [Beste],"Besteren bat markatu baduzu, zein hizkuntzatan zertarako zara gai?",Jakin beharreko besterik?
2018/01/30 9:25:31 AM CET,1 GA,Algorta,,Zubilleta,D,D,,B2,Ez dut,C1,Ez dut,,Ikasketetan;Ikasketetako lagunekin,Familian;Herriko / auzoko lagunekin;Ikasketetako lagunekin;Lanean,Ikasketetan,Ez dut erabiltzen,Irakurri;Idatzi;Aurkezpena egin;Eztabaidatu;Negoziatu,Irakurri;Idatzi;Aurkezpena egin;Eztabaidatu;Negoziatu,Irakurri;Idatzi;Aurkezpena egin;Eztabaidatu;Negoziatu,Ez dagokio,,
2018/01/30 9:25:39 AM CET,1 GA,Portugaleten,,Kanpazar ikastolan,D,D,,B2,Ez dut,Ez dut,Ez dut,,Ikasketetan;Ikasketetako lagunekin,Familian;Herriko / auzoko lagunekin;Ikasketetako lagunekin,Ez dut erabiltzen,Ez dut erabiltzen,Irakurri;Idatzi;Aurkezpena egin;Eztabaidatu;Negoziatu,Irakurri;Idatzi;Aurkezpena egin;Eztabaidatu;Negoziatu,Irakurri;Ez dagokio,Ez dagokio,,
2018/01/30 9:25:39 AM CET,1 GA,Gernika,,San Fidel,D,D,,C1,Ez dut,B2,Ez dut,,Familian;Herriko / auzoko lagunekin;Ikasketetan;Ikasketetako lagunekin;Lanean,Familian;Ikasketetan;Ikasketetako lagunekin;Lanean,Ikasketetan,Ez dut erabiltzen,Irakurri;Idatzi;Aurkezpena egin;Eztabaidatu;Negoziatu,Irakurri;Idatzi;Aurkezpena egin;Eztabaidatu;Negoziatu,Irakurri;Idatzi;Aurkezpena egin;Eztabaidatu,Ez dagokio,,
2018/01/30 9:26:59 AM CET,1 GA,Mungia,,Legarda,D,D,,B1,A2,B1,A1,,Familian;Herriko / auzoko lagunekin,Herriko / auzoko lagunekin;Ikasketetan,Ikasketetan,Ikasketetan,Irakurri;Idatzi;Aurkezpena egin,Irakurri;Idatzi;Aurkezpena egin,Irakurri;Idatzi,Irakurri,,
2018/01/30 9:27:15 AM CET,1 GA,Sondika,,Gorondagane,D,D,,B2,Ez dut,Ez dut,Ez dut,,Familian;Ikasketetan,Familian;Herriko / auzoko lagunekin;Ikasketetan;Ikasketetako lagunekin;Lanean,Ez dut erabiltzen,Ez dut erabiltzen,Irakurri;Idatzi;Aurkezpena egin;Eztabaidatu,Irakurri;Idatzi;Aurkezpena egin;Eztabaidatu;Negoziatu,Irakurri,Ez dagokio,,
2018/01/30 9:27:24 AM CET,2 GA,Algortan,,San Nikolas ikastola,D,D,,Ez dut,Ez dut,Ez dut,Ez dut,,Herriko / auzoko lagunekin;Ikasketetan;Ikasketetako lagunekin;Lanean,Familian;Herriko / auzoko lagunekin;Lanean,Ikasketetan,Ez dut erabiltzen,Irakurri;Idatzi;Aurkezpena egin;Eztabaidatu;Negoziatu,Irakurri;Idatzi;Aurkezpena egin;Eztabaidatu;Negoziatu,Irakurri;Idatzi;Aurkezpena egin;Eztabaidatu,Ez dagokio,,
2018/01/30 9:29:24 AM CET,2 GA,Laudio,,Lateorro eskola,D,D,,C1,Ez dut,C1,Ez dut,,Ikasketetan;Lanean,Familian;Herriko / auzoko lagunekin;Ikasketetako lagunekin,Ikasketetan;Lanean,Ez dut erabiltzen,Irakurri;Idatzi;Aurkezpena egin;Eztabaidatu;Negoziatu,Irakurri;Idatzi;Aurkezpena egin;Eztabaidatu;Negoziatu,Irakurri;Idatzi;Aurkezpena egin;Eztabaidatu;Negoziatu,Ez dagokio,,
2018/01/30 9:32:31 AM CET,2 GA,Loiun,,Lauro Ikastolan,D,D,,C1,Ez dut,C1,Ez dut,,Familian;Herriko / auzoko lagunekin;Ikasketetan;Ikasketetako lagunekin;Lanean,Herriko / auzoko lagunekin,Ikasketetan,Ez dut erabiltzen,Irakurri;Idatzi;Aurkezpena egin;Eztabaidatu;Negoziatu,Irakurri;Idatzi;Aurkezpena egin;Eztabaidatu;Negoziatu,Irakurri;Idatzi;Aurkezpena egin;Eztabaidatu;Negoziatu,Ez dagokio,,
2018/01/30 9:34:44 AM CET,1 GA,Gernika-Lumo,,Allende Salazar eskola publikoan,D,D,,C1,Ez dut,B2,Ez dut,,Familian;Herriko / auzoko lagunekin;Ikasketetan;Ikasketetako lagunekin;Lanean,Familian;Ikasketetan,Ikasketetan,Ez dut erabiltzen,Irakurri;Idatzi;Aurkezpena egin;Eztabaidatu;Negoziatu,Irakurri;Idatzi;Aurkezpena egin;Eztabaidatu;Negoziatu,Irakurri;Idatzi;Aurkezpena egin;Eztabaidatu;Negoziatu,Ez dagokio,,
2018/01/30 9:35:07 AM CET,2 GA,Lezaman,,Lezamako eskola publikoan,D,D,,C1,Ez dut,Ez dut,Ez dut,,Familian;Herriko / auzoko lagunekin;Ikasketetan;Ikasketetako lagunekin;Lanean,Herriko / auzoko lagunekin;Ikasketetan;Ikasketetako lagunekin,Ikasketetan,Ez dut erabiltzen,Irakurri;Idatzi;Aurkezpena egin;Eztabaidatu;Negoziatu,Irakurri;Idatzi;Aurkezpena egin;Eztabaidatu;Negoziatu,Irakurri,Ez dagokio,,
2018/01/30 9:35:12 AM CET,2 GA,Bilbo,,Juan Delmás,D,D,,B2,Ez dut,Ez dut,Ez dut,,Ikasketetan;Lanean,Familian;Herriko / auzoko lagunekin;Ikasketetako lagunekin,Ikasketetan,Ez dut erabiltzen,Irakurri;Idatzi;Aurkezpena egin;Eztabaidatu;Negoziatu,Irakurri;Idatzi;Aurkezpena egin;Eztabaidatu;Negoziatu,Irakurri;Idatzi,Irakurri,Latinean irakurtzeko,
2018/01/30 9:35:20 AM CET,1 GA,Barakaldon,,El Pilar ikastetxea,B,A,"Karrera hasterakoan, zeren eta Euskal Herrian lan egin baitut. Beraz, euskaraz egitea ezinbestekoa da. ",C1,Ez dut,Ez dut,Ez dut,,Ikasketetan;Lanean,Familian;Herriko / auzoko lagunekin;Ikasketetan;Ikasketetako lagunekin,Ikasketetan,Ez dut erabiltzen,Irakurri;Idatzi;Aurkezpena egin;Eztabaidatu;Negoziatu,Irakurri;Idatzi;Aurkezpena egin;Eztabaidatu;Negoziatu,Irakurri;Idatzi,Ez dagokio,,
2018/01/30 9:35:36 AM CET,1 GA,Bilbon,,Deustuko Ikastola,D,hirueleduna,"Batxilergoan, ingelesa lantzeko",C1,Ez dut,B2,A1,Frantzesa,Familian;Ikasketetan;Lanean,Familian;Herriko / auzoko lagunekin;Ikasketetako lagunekin;Lanean,Ikasketetan,Ez dut erabiltzen,Irakurri;Idatzi;Aurkezpena egin;Eztabaidatu;Negoziatu,Irakurri;Idatzi;Aurkezpena egin;Eztabaidatu;Negoziatu,Irakurri;Idatzi;Aurkezpena egin,Ez dagokio,,
2018/01/30 9:35:47 AM CET,2 GA,Lezaman,,Lezamako eskolan,D,D,,C1,Ez dut,B2,Ez dut,,Familian;Herriko / auzoko lagunekin;Ikasketetan;Ikasketetako lagunekin;Lanean,Familian;Herriko / auzoko lagunekin;Ikasketetako lagunekin,Ikasketetan;Ikasketetako lagunekin,Ez dut erabiltzen,Irakurri;Idatzi;Aurkezpena egin;Eztabaidatu;Negoziatu,Irakurri;Idatzi;Aurkezpena egin;Eztabaidatu;Negoziatu,Irakurri;Idatzi;Eztabaidatu,Ez dagokio,,
2018/01/30 9:35:48 AM CET,2 GA,Bilbon,,Karmelo Ikastola,D,D,Beti egon naiz D ereduan,B2;C1,Ez dut,Ez dut,Ez dut,,Ikasketetan,Familian;Herriko / auzoko lagunekin;Ikasketetan;Ikasketetako lagunekin;Lanean,Ez dut erabiltzen,Ez dut erabiltzen,Irakurri;Idatzi;Aurkezpena egin;Eztabaidatu;Negoziatu,Irakurri;Idatzi;Aurkezpena egin;Eztabaidatu;Negoziatu,Irakurri;Idatzi,Ez dagokio,,
2018/01/30 9:35:57 AM CET,2 GA,Leioan,,Askartza,D,D,,Ez dut,Ez dut,Ez dut,Ez dut,,Familian;Herriko / auzoko lagunekin;Ikasketetan;Ikasketetako lagunekin,Familian;Herriko / auzoko lagunekin;Ikasketetako lagunekin,Ez dut erabiltzen,Ez dut erabiltzen,Irakurri;Idatzi;Aurkezpena egin;Eztabaidatu;Negoziatu,Irakurri;Idatzi;Aurkezpena egin;Eztabaidatu;Negoziatu,Irakurri;Idatzi;Aurkezpena egin,Ez dagokio,,
2018/01/30 9:35:57 AM CET,1 GA,Leioan,,Txomin Arestin,"1. mailatik 5. mailara, B ereduan. 6. mailatik aurrera, D ereduan",D,Lehen Hezkuntzan. Ondo aritzen nintzelako euskaraz,Ez dut,Ez dut,Ez dut,Ez dut,,Ikasketetan;Ikasketetako lagunekin;Lanean,Familian;Herriko / auzoko lagunekin;Ikasketetan;Ikasketetako lagunekin;Lanean,Ikasketetan,Familian,Irakurri;Idatzi;Aurkezpena egin;Eztabaidatu;Negoziatu,Irakurri;Idatzi;Aurkezpena egin;Eztabaidatu;Negoziatu,Irakurri;Idatzi;Aurkezpena egin;Eztabaidatu,Ez dagokio,Frantsesa,Pedagogia Musikala ikasi dut 
2018/01/30 9:36:23 AM CET,2 GA,Sopelan,,Zipiriñe,D,D,,B2,Ez dut,B2,Ez dut,,Ikasketetan;Lanean,Familian;Herriko / auzoko lagunekin;Ikasketetako lagunekin,Ez dut erabiltzen,Ez dut erabiltzen,Irakurri;Idatzi;Aurkezpena egin;Eztabaidatu;Negoziatu,Irakurri;Idatzi;Aurkezpena egin;Eztabaidatu;Negoziatu,Irakurri;Idatzi;Aurkezpena egin;Eztabaidatu;Negoziatu,Ez dagokio,,
2018/01/30 9:36:56 AM CET,2 GA,Bilbon,,Sagrado Corazon Ikastetxea,B,D,Euskaraz ikasten nahiago nuelako,B2,Ez dut,B1,Ez dut,,Ikasketetan,Familian;Herriko / auzoko lagunekin;Ikasketetako lagunekin,Ikasketetan,Ez dut erabiltzen,Irakurri;Idatzi;Aurkezpena egin;Eztabaidatu;Negoziatu,Irakurri;Idatzi;Aurkezpena egin;Eztabaidatu;Negoziatu,Irakurri;Idatzi,Ez dagokio,,
2018/01/30 9:37:34 AM CET,2 GA,Basauri,,Basozelai Gaztelu,D,D,,B2,Ez dut,Ez dut,Ez dut,,Ikasketetan;Ikasketetako lagunekin;Lanean,Familian;Herriko / auzoko lagunekin;Ikasketetako lagunekin;Lanean,Ikasketetan,Ez dut erabiltzen,Irakurri;Idatzi;Aurkezpena egin;Eztabaidatu;Negoziatu,Irakurri;Idatzi;Aurkezpena egin;Eztabaidatu;Negoziatu,Irakurri;Idatzi;Aurkezpena egin;Eztabaidatu;Negoziatu,Ez dagokio,,EHUko korreo ofiziala ez dut erabiltzen
2018/01/30 9:38:01 AM CET,2 GA,Lezama,,CEIP Lezama HLHI,D,D,,C1,Ez dut,A2,Ez dut,Valentziarra,Familian;Herriko / auzoko lagunekin;Ikasketetan;Ikasketetako lagunekin;Lanean,Familian;Herriko / auzoko lagunekin;Ikasketetan;Ikasketetako lagunekin;Lanean,Ikasketetan,Familian,Irakurri;Idatzi;Aurkezpena egin;Eztabaidatu;Negoziatu,Irakurri;Idatzi;Aurkezpena egin;Eztabaidatu;Negoziatu,Irakurri,Irakurri,Valentziarrez,
2018/01/30 9:38:14 AM CET,1 GA,Bilbon,,Deustuko Ikastola,D,D,"Batxilergo lehenengo maila Estatu Batuetan egin nuen, beraz, dena ingelesez.",C1,Ez dut,C1,Ez dut,,Familian;Ikasketetan;Lanean,Familian;Herriko / auzoko lagunekin;Ikasketetako lagunekin;Lanean,Ikasketetan;Lanean,Ez dut erabiltzen,Irakurri;Idatzi;Aurkezpena egin;Eztabaidatu;Negoziatu,Irakurri;Idatzi;Aurkezpena egin;Eztabaidatu;Negoziatu,Irakurri;Idatzi;Aurkezpena egin;Eztabaidatu;Negoziatu,Ez dagokio,,
2018/01/30 9:38:31 AM CET,2 GA,Bilbon,,Berrio-otxoan,B,D,Batxelergoan aldatu  nintzen D eredura euskera hobetzeko eta gradua euskaraz ikasi nahi nuelako. ,B2,Ez dut,A2,Ez dut,,Ikasketetan,Familian;Herriko / auzoko lagunekin;Ikasketetako lagunekin,Ikasketetan,Ez dut erabiltzen,Irakurri;Idatzi;Aurkezpena egin,Irakurri;Idatzi;Aurkezpena egin;Eztabaidatu;Negoziatu;Ez dagokio,Irakurri;Idatzi,Ez dagokio,,
2018/01/30 9:38:47 AM CET,1 GA,Loiun,,Lauro Ikastolan,D,D,,C1,Ez dut,C1,Ez dut,,Familian;Ikasketetan;Ikasketetako lagunekin,Familian;Herriko / auzoko lagunekin,Lanean,Ez dut erabiltzen,Irakurri;Idatzi;Aurkezpena egin;Eztabaidatu;Negoziatu,Irakurri;Idatzi;Aurkezpena egin;Eztabaidatu;Negoziatu,Irakurri;Idatzi;Aurkezpena egin,Ez dagokio,,
2018/01/30 9:39:41 AM CET,2 GA,Bilbon,,Luis Briñas Ikastetxean,D,D,Ez dut aldatu,B1;B2,Ez dut,Ez dut,Ez dut,,Ikasketetan;Lanean,Familian;Herriko / auzoko lagunekin;Ikasketetan;Ikasketetako lagunekin;Lanean,Lanean,Ez dut erabiltzen,Irakurri;Idatzi;Aurkezpena egin;Eztabaidatu;Negoziatu,Irakurri;Idatzi;Aurkezpena egin;Eztabaidatu;Negoziatu,Ez dagokio,Ez dagokio,,
2018/01/30 9:39:49 AM CET,2 GA,Leioan,,Betiko Ikastolan,D,D,,C1,Ez dut,B2,Ez dut,,Familian;Herriko / auzoko lagunekin;Ikasketetan;Ikasketetako lagunekin;Lanean,Familian;Herriko / auzoko lagunekin,Ikasketetako lagunekin,Ez dut erabiltzen,Irakurri;Idatzi;Aurkezpena egin;Eztabaidatu;Negoziatu,Irakurri;Idatzi;Aurkezpena egin;Eztabaidatu;Negoziatu,Irakurri;Idatzi,Ez dagokio,,
2018/01/30 9:39:52 AM CET,1 GA,Getxon,,Santísima Trinidad-en,B,A,Batxilergoa amaitu ondoren Biologia gazteleraz hasi nintzen. Ez zitzaidan gustatu eta Magisteritza euskaraz egitea erabaki nuen Euskadin lan egiteko eta bizitzeko ezinbestekoa delako.,B2,Ez dut,B2,Ez dut,,Ikasketetan;Ikasketetako lagunekin;Lanean,Familian;Herriko / auzoko lagunekin;Ikasketetako lagunekin;Lanean,Ikasketetan,Ez dut erabiltzen,Irakurri;Idatzi;Eztabaidatu,Irakurri;Idatzi;Aurkezpena egin;Eztabaidatu;Negoziatu,Irakurri;Idatzi,Ez dagokio,,
2018/01/30 9:40:04 AM CET,1 GA,Bilbo,,Deustuko Ikastola,D,D,,B2,B1;Ez dut,B2,Ez dut,,Familian;Ikasketetan,Familian;Herriko / auzoko lagunekin;Ikasketetako lagunekin,Ez dut erabiltzen,Ez dut erabiltzen,Irakurri;Idatzi;Aurkezpena egin;Eztabaidatu,Irakurri;Idatzi;Aurkezpena egin;Eztabaidatu,Irakurri;Idatzi;Eztabaidatu,Ez dagokio,,
2018/01/30 9:40:21 AM CET,1 GA,Zestoan,,Zestoako Herri Ikastetxea,D,D,,C1,Ez dut,B1,Ez dut,,Familian;Herriko / auzoko lagunekin;Ikasketetan;Ikasketetako lagunekin;Lanean,Familian,Ikasketetan,Ez dut erabiltzen,Irakurri;Idatzi;Aurkezpena egin;Eztabaidatu;Negoziatu,Irakurri;Idatzi;Aurkezpena egin;Eztabaidatu;Negoziatu,Irakurri;Idatzi;Aurkezpena egin,Ez dagokio,,
2018/01/30 9:40:23 AM CET,1 GA,Loiun,,Lauro Ikastola,D,D,,C1,Ez dut,C1,Ez dut,,Familian;Herriko / auzoko lagunekin;Ikasketetan;Lanean,Ikasketetako lagunekin,Ikasketetan,Ez dut erabiltzen,Irakurri;Idatzi;Aurkezpena egin;Eztabaidatu;Negoziatu,Irakurri;Idatzi;Aurkezpena egin;Eztabaidatu;Negoziatu,Irakurri;Idatzi;Aurkezpena egin,Ez dagokio,,
2018/01/30 9:40:37 AM CET,2 GA,Iralan (Bilbo),,Isabel Gallego Gorria eskolan. ,D,D,,B2,Ez dut,Ez dut,Ez dut,,Ikasketetan;Ikasketetako lagunekin;Lanean,Familian;Herriko / auzoko lagunekin;Lanean,Ez dut erabiltzen,Ez dut erabiltzen,Irakurri;Idatzi;Aurkezpena egin;Eztabaidatu;Negoziatu,Irakurri;Idatzi;Aurkezpena egin;Eztabaidatu;Negoziatu,Irakurri,Ez dagokio,,
2018/01/30 9:40:37 AM CET,2 GA,Basauri,,Arizko Ikastola,D,D,EZ,B2,Ez dut,B2,Ez dut,,Ikasketetan;Ikasketetako lagunekin;Lanean,Familian;Herriko / auzoko lagunekin,Ikasketetan;Lanean,Ez dut erabiltzen,Irakurri;Idatzi;Aurkezpena egin;Eztabaidatu;Negoziatu,Irakurri;Idatzi;Aurkezpena egin;Eztabaidatu;Negoziatu,Irakurri;Idatzi;Aurkezpena egin;Eztabaidatu,Ez dagokio,,
2018/01/30 9:40:48 AM CET,2 GA,San Miguel de Basauri,,Sofia Taramona,D,D,,B1,Ez dut,Ez dut,Ez dut,,Familian;Ikasketetan,Familian;Herriko / auzoko lagunekin;Ikasketetan;Ikasketetako lagunekin,Ikasketetako lagunekin;Ez dut erabiltzen,Ez dut erabiltzen,Irakurri;Idatzi;Aurkezpena egin;Eztabaidatu;Negoziatu,Irakurri;Idatzi;Aurkezpena egin;Eztabaidatu;Negoziatu,Irakurri,Ez dagokio,,
2018/01/30 9:40:51 AM CET,1 GA,Gorliz,,Gorlizko Ikastetxea,D,D,,Ez dut,Ez dut,C1,Ez dut,,Ikasketetan;Lanean,Familian;Herriko / auzoko lagunekin;Ikasketetako lagunekin,Ez dut erabiltzen,Ez dut erabiltzen,Irakurri;Idatzi;Aurkezpena egin;Eztabaidatu;Negoziatu,Irakurri;Idatzi;Aurkezpena egin;Eztabaidatu,Irakurri;Idatzi;Eztabaidatu,Ez dagokio,,
2018/01/30 9:41:14 AM CET,2 GA,Elizondo,,Baztan Ikastola,D,D,,C1,Ez dut,B2,Ez dut,,Familian;Herriko / auzoko lagunekin;Ikasketetan;Ikasketetako lagunekin;Lanean,Lanean,Ikasketetan,Ez dut erabiltzen,Irakurri;Idatzi;Aurkezpena egin;Eztabaidatu;Negoziatu,Irakurri;Idatzi;Aurkezpena egin;Eztabaidatu,Irakurri;Idatzi;Aurkezpena egin;Eztabaidatu,Ez dagokio,,
2018/01/30 9:41:21 AM CET,2 GA,Getxo,,San Nikolas ikastolan,D,D,,C1,C1,Ez dut,Ez dut,,Familian;Herriko / auzoko lagunekin;Ikasketetan;Ikasketetako lagunekin;Lanean,Familian;Herriko / auzoko lagunekin;Ikasketetan;Ikasketetako lagunekin;Lanean,Ez dut erabiltzen,Ez dut erabiltzen,Irakurri;Idatzi;Aurkezpena egin;Eztabaidatu;Negoziatu,Irakurri;Idatzi;Aurkezpena egin;Eztabaidatu;Negoziatu,Idatzi,Ez dagokio,,
2018/01/30 9:41:22 AM CET,1 GA,Santurtzin,,Bihotz Gaztea Ikastola,D,D,,Ez dut,Ez dut,Ez dut,Ez dut,,Ikasketetan;Ikasketetako lagunekin;Lanean,Familian;Herriko / auzoko lagunekin;Ikasketetan;Ikasketetako lagunekin,Ez dut erabiltzen,Ez dut erabiltzen,Irakurri;Idatzi;Aurkezpena egin;Eztabaidatu,Irakurri;Idatzi;Aurkezpena egin;Eztabaidatu;Negoziatu,Irakurri;Idatzi;Aurkezpena egin;Eztabaidatu,Irakurri,Frantsesean,
2018/01/30 9:41:47 AM CET,1 GA,Mungia,,Legarda,D,D,,C1,Ez dut,B1,Ez dut,,Familian;Herriko / auzoko lagunekin;Lanean,Herriko / auzoko lagunekin;Ikasketetan;Ikasketetako lagunekin;Lanean,Ikasketetan,Ez dut erabiltzen,Irakurri;Idatzi;Aurkezpena egin;Eztabaidatu;Negoziatu,Irakurri;Idatzi;Aurkezpena egin;Eztabaidatu;Negoziatu,Irakurri;Idatzi,Ez dagokio,,"Lehen ez ditut aukera guztiak ikusi, beraz berriro bidaltzen dizut."
2018/01/30 9:41:56 AM CET,2 GA,San Ignazion,,Intxixu ikastola,D,D,,C1,Ez dut,Ez dut,Ez dut,,Familian;Ikasketetan;Ikasketetako lagunekin;Lanean,Familian;Herriko / auzoko lagunekin;Lanean,Ikasketetan;Ikasketetako lagunekin,Ez dut erabiltzen,Irakurri;Idatzi;Aurkezpena egin;Eztabaidatu;Negoziatu,Irakurri;Idatzi;Aurkezpena egin;Eztabaidatu;Negoziatu,Irakurri,Ez dagokio,,
2018/01/30 9:42:34 AM CET,1 GA,Portugalete,,Asti-Leku ikastola,D,D,,Ez dut,Ez dut,B2,Ez dut,,Ikasketetan;Lanean,Familian;Herriko / auzoko lagunekin;Ikasketetako lagunekin,Ikasketetan,Ez dut erabiltzen,Irakurri;Idatzi;Aurkezpena egin;Eztabaidatu;Negoziatu,Irakurri;Idatzi;Aurkezpena egin;Eztabaidatu;Negoziatu,Irakurri;Idatzi;Aurkezpena egin;Eztabaidatu;Negoziatu,Ez dagokio,,
2018/01/30 9:42:44 AM CET,1 GA,Portugalete,,Asti-Leku ikastola,D,D,,C1,Ez dut,C1,Ez dut,,Ikasketetan;Lanean,Familian;Herriko / auzoko lagunekin;Ikasketetako lagunekin;Lanean,Ikasketetan,Ez dut erabiltzen,Irakurri;Idatzi;Aurkezpena egin;Eztabaidatu;Negoziatu,Irakurri;Idatzi;Aurkezpena egin;Eztabaidatu;Negoziatu,Irakurri;Idatzi;Aurkezpena egin;Eztabaidatu;Negoziatu,Ez dagokio,,
2018/01/30 9:43:42 AM CET,2 GA,Zallan,,Maristas San Miguel Ikastetxean,D,D,,B2,Ez dut,B2,Ez dut,,Ikasketetan;Lanean,Familian;Herriko / auzoko lagunekin;Ikasketetako lagunekin,Ez dut erabiltzen,Ez dut erabiltzen,Irakurri;Idatzi;Aurkezpena egin;Eztabaidatu;Negoziatu,Irakurri;Idatzi;Aurkezpena egin;Eztabaidatu;Negoziatu,Irakurri;Idatzi;Aurkezpena egin;Eztabaidatu;Negoziatu,Ez dagokio,,
2018/01/30 9:43:50 AM CET,1 GA,Barakaldon,,Alkartu Ikastolan,D,D,,B2,Ez dut,Ez dut,Ez dut,,Ikasketetan,Familian;Herriko / auzoko lagunekin;Ikasketetako lagunekin,Ikasketetan,Ez dut erabiltzen,Irakurri;Idatzi;Aurkezpena egin;Eztabaidatu;Negoziatu,Irakurri;Idatzi;Aurkezpena egin;Eztabaidatu;Negoziatu,Irakurri;Idatzi;Aurkezpena egin;Eztabaidatu;Negoziatu,Ez dagokio,,
2018/01/30 9:44:28 AM CET,1 GA,Durangon,,Fray Juan Zumarraga institutuan,D,D,,B2,Ez dut,B2,B1,Frantsesa,Ikasketetan,Familian;Herriko / auzoko lagunekin;Ikasketetan;Ikasketetako lagunekin,Ikasketetan,Ez dut erabiltzen,Irakurri;Idatzi;Aurkezpena egin;Eztabaidatu;Negoziatu,Irakurri;Idatzi;Aurkezpena egin;Eztabaidatu;Negoziatu,Irakurri;Idatzi;Aurkezpena egin;Eztabaidatu;Negoziatu,Ez dagokio,,
2018/01/30 9:44:31 AM CET,1 GA,"Bilbao, Indautxu",,"Nuestra Señora de Begoña, Jesuitas. ",B,A,"Batxilergoko azkenengo urtean aldatu nuen eraduz selektibitateari begira, fisioterapiako gradua ikasi nahi nuelako eta eskakizun nota oso altua zen. ",Ez dut,Ez dut,Ez dut,Ez dut,,Ikasketetan,Familian;Herriko / auzoko lagunekin;Ikasketetako lagunekin;Lanean,Ikasketetan,Ez dut erabiltzen,Irakurri;Idatzi;Eztabaidatu;Negoziatu,Irakurri;Idatzi;Aurkezpena egin;Eztabaidatu;Negoziatu,Irakurri;Idatzi;Eztabaidatu;Negoziatu,Ez dagokio,,
2018/01/30 9:44:37 AM CET,1 GA,Durango,,San Jose Jesuitak,D,D,,B2,Ez dut,C1,Ez dut,,Familian;Herriko / auzoko lagunekin;Ikasketetan,Familian;Herriko / auzoko lagunekin;Ikasketetan;Ikasketetako lagunekin,Ikasketetan;Ikasketetako lagunekin,Ez dut erabiltzen,Irakurri;Idatzi;Aurkezpena egin;Eztabaidatu;Negoziatu,Irakurri;Idatzi;Aurkezpena egin;Eztabaidatu;Negoziatu,Irakurri;Idatzi;Aurkezpena egin;Eztabaidatu;Negoziatu,Ez dagokio,,
2018/01/30 9:47:50 AM CET,2 GA,Gernika-Lumo,,Allende Salazar,D,D,,C1,B2,B1,Ez dut,,Familian;Herriko / auzoko lagunekin;Ikasketetan;Ikasketetako lagunekin;Lanean,Herriko / auzoko lagunekin;Ikasketetako lagunekin,Ikasketetan,Ez dut erabiltzen,Irakurri;Idatzi;Aurkezpena egin;Eztabaidatu;Negoziatu,Irakurri;Idatzi;Aurkezpena egin;Eztabaidatu;Negoziatu,Irakurri;Idatzi;Aurkezpena egin;Eztabaidatu;Negoziatu,Ez dagokio,,
2018/01/30 9:48:04 AM CET,2 GA,Lezaman,,Lezamako eskola publikoan,D,D,,C1,Ez dut,Ez dut,Ez dut,,Familian;Herriko / auzoko lagunekin;Ikasketetan;Ikasketetako lagunekin;Lanean,Familian;Herriko / auzoko lagunekin;Ikasketetan;Ikasketetako lagunekin;Lanean,Ikasketetan,Ez dut erabiltzen,Irakurri;Idatzi;Aurkezpena egin;Eztabaidatu;Negoziatu,Irakurri;Idatzi;Aurkezpena egin;Eztabaidatu;Negoziatu,Irakurri,Ez dagokio,,
2018/01/30 9:48:49 AM CET,2 GA,Bilbon,,Karitate Alabak Begoñako Andra Mari/El Salvador Maristas (Batxilergoa),B,D,Batxilergoa egiteko A edo D aukera zeudelako eta euskaraz ikasten jarraitu nahi nuelako. ,C1,Ez dut,C1,Ez dut,,Ikasketetan;Ikasketetako lagunekin,Familian;Herriko / auzoko lagunekin;Ikasketetako lagunekin;Lanean,Ikasketetan,Ez dut erabiltzen,Irakurri;Idatzi;Aurkezpena egin;Eztabaidatu;Negoziatu,Irakurri;Idatzi;Aurkezpena egin;Eztabaidatu;Negoziatu,Irakurri;Idatzi;Aurkezpena egin;Eztabaidatu;Negoziatu,Ez dagokio,,
2018/01/30 9:58:46 AM CET,2 GA,Bilbo,,Urretxindorra Ikastola,D,D,,B2,Ez dut,Ez dut,Ez dut,,Ikasketetan;Ikasketetako lagunekin;Lanean,Familian;Herriko / auzoko lagunekin;Ikasketetako lagunekin;Lanean,Ez dut erabiltzen,Ez dut erabiltzen,Irakurri;Idatzi;Aurkezpena egin;Eztabaidatu;Negoziatu,Irakurri;Idatzi;Aurkezpena egin;Eztabaidatu;Negoziatu,Irakurri;Idatzi;Eztabaidatu,Ez dagokio,,
2018/01/30 9:59:06 AM CET,1 GA,Donostian,,Intxaurrondo ikastola,D,D,Ez dut aldatu,B2,Ez dut,Ez dut,C1,"Alemaniera, C1",Ikasketetan,Familian;Herriko / auzoko lagunekin;Ikasketetako lagunekin,Ez dut erabiltzen,Familian,Irakurri;Idatzi,Irakurri;Idatzi;Aurkezpena egin;Eztabaidatu;Negoziatu,Ez dagokio,Aurkezpena egin;Eztabaidatu;Negoziatu,"Alemanieran, ahozko ulermen eta adierazpena",
2018/01/30 10:56:32 AM CET,2 GA,Ondarroan,,Txomin Agirre Ikastolan,D,D,,C1,Ez dut,A2,B1,Frantsesa,Familian;Herriko / auzoko lagunekin;Ikasketetan;Ikasketetako lagunekin,Ikasketetan,Ikasketetan,Ikasketetan,Irakurri;Idatzi;Aurkezpena egin;Eztabaidatu;Negoziatu,Irakurri;Idatzi;Aurkezpena egin;Eztabaidatu,Irakurri;Idatzi;Aurkezpena egin,Irakurri;Idatzi,"Frantsesez irakurtzeko, idazteko eta elkarrizketa bai mantentzeko gai naiz.",
2018/01/30 10:58:10 AM CET,2 GA,Barrutia eskola,,Barrutia eskola publikoan,D,D,,C1,C1,B2,Ez dut,,Familian;Herriko / auzoko lagunekin;Ikasketetan;Ikasketetako lagunekin;Lanean,Ikasketetan;Ikasketetako lagunekin;Lanean,Ikasketetan;Lanean,Ez dut erabiltzen,Irakurri;Idatzi;Aurkezpena egin;Eztabaidatu;Negoziatu,Irakurri;Idatzi;Aurkezpena egin;Eztabaidatu;Negoziatu,Irakurri;Aurkezpena egin,Ez dagokio,,
2018/01/30 11:31:39 AM CET,2 GA,Lasarte-Oria,,Landaberri,D,D,,C1,Ez dut,B1,Ez dut,,Familian;Herriko / auzoko lagunekin;Ikasketetan;Ikasketetako lagunekin;Lanean,Familian,Ez dut erabiltzen,Ez dut erabiltzen,Irakurri;Idatzi;Aurkezpena egin;Eztabaidatu;Negoziatu,Irakurri;Idatzi;Aurkezpena egin;Eztabaidatu,Irakurri;Idatzi,Ez dagokio,,
2018/01/30 11:53:07 AM CET,2 GA,Leioan,,Askartza Claret ikastetxean,D,D,,C1,Ez dut,Ez dut,Ez dut,,Familian;Ikasketetan;Ikasketetako lagunekin,Familian;Herriko / auzoko lagunekin;Ikasketetako lagunekin,Ikasketetan,Ez dut erabiltzen,Irakurri;Idatzi;Aurkezpena egin;Eztabaidatu;Negoziatu,Irakurri;Idatzi;Aurkezpena egin;Eztabaidatu;Negoziatu,Irakurri;Idatzi;Aurkezpena egin;Eztabaidatu,Ez dagokio,,
2018/01/30 4:56:00 PM CET,1 GA,Bilbon,,Esclavas eta Escolapios ,B,A,,A1;A2;B1;B2;C1,Ez dut,Ez dut,Ez dut,,Ikasketetan;Lanean;Ez dut erabiltzen,Familian;Herriko / auzoko lagunekin;Ikasketetan;Ikasketetako lagunekin;Lanean,Ikasketetan;Ez dut erabiltzen,Ez dut erabiltzen,Irakurri;Idatzi;Aurkezpena egin;Eztabaidatu,Irakurri;Idatzi;Aurkezpena egin;Eztabaidatu;Negoziatu,Irakurri;Idatzi;Aurkezpena egin;Eztabaidatu,Ez dagokio,,
2018/01/30 7:21:36 PM CET,2 GA,Algortan,,San Nikolas ikastola,D,D,,B2,C1,B1;Ez dut,Ez dut,,Ikasketetan,Familian;Herriko / auzoko lagunekin;Ikasketetako lagunekin,Ikasketetan;Ez dut erabiltzen,Ez dut erabiltzen,Irakurri;Idatzi;Aurkezpena egin;Eztabaidatu;Negoziatu,Irakurri;Idatzi;Aurkezpena egin;Eztabaidatu;Negoziatu,Irakurri,Ez dagokio,,
2018/01/30 10:09:52 PM CET,1 GA,Zamudion,,Bizkaia ikastetxean,B,A,"Batxilergora pasatzean ereduz aldatu nintzen nire eskolan batxilergoa bakarrik zegoelako A ereduan, ez zegoen beste aukerarik",C1,Ez dut,C1,B1,Frantsesa B1,Ikasketetan;Lanean,Familian;Herriko / auzoko lagunekin;Ikasketetan;Ikasketetako lagunekin;Lanean,Ikasketetan;Lanean,Ez dut erabiltzen,Irakurri;Idatzi;Aurkezpena egin;Eztabaidatu;Negoziatu,Irakurri;Idatzi;Aurkezpena egin;Eztabaidatu;Negoziatu,Irakurri;Idatzi;Aurkezpena egin;Eztabaidatu;Negoziatu,Irakurri;Idatzi,Frantsesa,
2018/01/31 8:52:15 AM CET,1 GA,Erandion,,Altzaga Ikastolan,D,D,Ez dut inoiz D eredua ez denik aukeratu,C1,Ez dut,B1,Ez dut,,Familian;Herriko / auzoko lagunekin;Ikasketetan;Ikasketetako lagunekin;Lanean,Familian;Herriko / auzoko lagunekin;Ikasketetan;Ikasketetako lagunekin,Ez dut erabiltzen,Ez dut erabiltzen,Irakurri;Idatzi;Aurkezpena egin;Eztabaidatu;Negoziatu,Irakurri;Idatzi;Aurkezpena egin;Eztabaidatu;Negoziatu,Ez dagokio,Ez dagokio,,
2018/01/31 9:08:11 AM CET,1 GA,Erandion,,Altzaga Ikastola,D,D,,Ez dut,Ez dut,Ez dut,Ez dut,,Ikasketetan,Familian,Lanean,Ez dut erabiltzen,Irakurri;Idatzi;Aurkezpena egin;Eztabaidatu;Negoziatu,Irakurri;Idatzi;Aurkezpena egin;Eztabaidatu;Negoziatu,Irakurri;Idatzi;Aurkezpena egin,Ez dagokio,,
2018/02/01 8:21:35 AM CET,2 GA,Elorrio,,Lourdesko Ama ikastetxea,D,D,,Ez dut,Ez dut,B2,Ez dut,,Familian;Herriko / auzoko lagunekin;Ikasketetan,Familian;Herriko / auzoko lagunekin;Ikasketetako lagunekin,Ikasketetan,Ez dut erabiltzen,Irakurri;Idatzi;Aurkezpena egin;Eztabaidatu;Negoziatu,Irakurri;Idatzi;Aurkezpena egin;Eztabaidatu;Negoziatu,Irakurri;Idatzi;Aurkezpena egin;Eztabaidatu,Ez dagokio,,
2018/02/01 3:42:20 PM CET,1 GA,Bilbon,,Basurto eskolan,B,A,"Batxillergoan aldatu nuen, B eredutik A eredura, nik aukeratutako batxillergoa, humanistikoa, egiteko bakarrik talde bat egin zelako eta talde hori gaztelaniaz zen.",B2,Ez dut,Ez dut,Ez dut,,Ikasketetan;Ikasketetako lagunekin,Familian;Herriko / auzoko lagunekin;Ikasketetan;Ikasketetako lagunekin,Ikasketetan;Ikasketetako lagunekin,Ez dut erabiltzen,Irakurri;Idatzi;Aurkezpena egin;Eztabaidatu;Negoziatu,Irakurri;Idatzi;Aurkezpena egin;Eztabaidatu;Negoziatu,Irakurri;Idatzi;Aurkezpena egin;Eztabaidatu;Negoziatu,Ez dagokio,,
2018/02/01 5:45:01 PM CET,1 GA,Gasteizen,,San Viator,B,A,"Batxilergoa egin baino lehen bi urtez lan egiten egon nintzen. Hori dela eta, euskara alde batera utzi nuen, eta nahiago izan nuen gastelaniaz egitea.",B1,Ez dut,Ez dut,Ez dut,,Ikasketetan;Ikasketetako lagunekin;Lanean,Familian;Herriko / auzoko lagunekin;Ikasketetan;Ikasketetako lagunekin,Ikasketetan;Ikasketetako lagunekin,Ez dut erabiltzen,Irakurri;Idatzi;Aurkezpena egin;Eztabaidatu,Irakurri;Idatzi;Aurkezpena egin;Eztabaidatu;Negoziatu,Irakurri;Idatzi,Ez dagokio,,
2018/02/06 9:11:57 AM CET,1 GA,BILBO,,LA SALLE BILBAO IKASTETXEA,B,D,,Ez dut,Ez dut,B2,Ez dut,,Familian;Ikasketetan;Ikasketetako lagunekin,Familian;Herriko / auzoko lagunekin;Ikasketetako lagunekin,Ikasketetan;Ez dut erabiltzen,Ez dut erabiltzen,Irakurri;Idatzi;Aurkezpena egin;Eztabaidatu;Negoziatu,Irakurri;Idatzi;Aurkezpena egin;Eztabaidatu;Negoziatu,Irakurri;Idatzi;Aurkezpena egin,Ez dagokio,,
2018/09/11 8:58:15 AM CET,1 GA,Muskiz,,San Juan Bautista ,B,B,,C1,Ez dut,A2;Ez dut,Ez dut,,Ikasketetan;Ikasketetako lagunekin,Familian;Herriko / auzoko lagunekin;Lanean,Ez dut erabiltzen,Ez dut erabiltzen,Irakurri;Idatzi;Eztabaidatu;Negoziatu,Irakurri;Idatzi;Aurkezpena egin;Eztabaidatu;Negoziatu,Ez dagokio,Ez dagokio,,
2018/09/11 8:58:39 AM CET,2 GA,Markina-Xemein,,Bekobenta Eskola Publikoa,D,D,,C1,Ez dut,Ez dut,Ez dut,,Familian;Herriko / auzoko lagunekin;Ikasketetan;Ikasketetako lagunekin;Lanean,Ikasketetako lagunekin,Lanean,Ez dut erabiltzen,Irakurri;Idatzi;Aurkezpena egin;Eztabaidatu;Negoziatu,Irakurri;Idatzi;Aurkezpena egin;Eztabaidatu,Irakurri,Ez dagokio,,
2018/09/11 8:59:09 AM CET,1 GA,Barakaldo,,Alkartu Ikastola,D,D,,B2,C2,Ez dut,Ez dut,,Ikasketetan,Familian;Herriko / auzoko lagunekin;Ikasketetako lagunekin;Lanean,Ikasketetan,Ez dut erabiltzen,Irakurri;Idatzi;Aurkezpena egin;Eztabaidatu;Negoziatu,Irakurri;Idatzi;Aurkezpena egin;Eztabaidatu;Negoziatu,Irakurri;Idatzi;Aurkezpena egin,Ez dagokio,,
2018/09/11 8:59:36 AM CET,1 GA,Santurtzi,,Asti Leku,D,D,,B2,C2,B1,Ez dut,,Ikasketetan,Familian;Herriko / auzoko lagunekin;Ikasketetako lagunekin;Lanean,Ikasketetan,Ez dut erabiltzen,Irakurri;Idatzi;Aurkezpena egin;Eztabaidatu;Negoziatu,Irakurri;Idatzi;Aurkezpena egin;Eztabaidatu;Negoziatu,Irakurri;Idatzi;Aurkezpena egin,Ez dagokio,,
2018/09/11 8:59:51 AM CET,2 GA,Sopela,,Ander Deuna Ikastola,D,D,,B2,Ez dut,Ez dut,Ez dut,,Ikasketetan,Familian;Herriko / auzoko lagunekin;Ikasketetako lagunekin;Lanean,Ikasketetan,Ez dut erabiltzen,Irakurri;Idatzi;Aurkezpena egin;Eztabaidatu;Negoziatu,Irakurri;Idatzi;Aurkezpena egin;Eztabaidatu;Negoziatu,Irakurri,Ez dagokio,,
2018/09/11 9:00:03 AM CET,1 GA,Basauri,,San Jose,D,D,Ez,B2,C1,B1,Ez dut,,Ikasketetan,Familian;Herriko / auzoko lagunekin;Ikasketetan;Ikasketetako lagunekin;Lanean,Ez dut erabiltzen,Ez dut erabiltzen,Irakurri;Idatzi;Aurkezpena egin;Eztabaidatu,Irakurri;Idatzi;Aurkezpena egin;Eztabaidatu,Ez dagokio,Ez dagokio,,
2018/09/11 9:00:08 AM CET,1 GA,Lekitxo,,Lekeitioko eskola,D,D,,C1,Ez dut,B1,A2,,Familian;Herriko / auzoko lagunekin;Ikasketetan;Ikasketetako lagunekin;Lanean,Herriko / auzoko lagunekin;Ikasketetan;Ikasketetako lagunekin;Lanean,Ikasketetan;Lanean,Ikasketetan,Irakurri;Idatzi;Aurkezpena egin,Irakurri;Idatzi;Aurkezpena egin,Irakurri;Idatzi;Aurkezpena egin,Irakurri,,
2018/09/11 9:01:04 AM CET,2 GA,Gernika-Lumo,,San Fidel Ikastola,D,D,,C1,Ez dut,B2,Ez dut,,Familian;Herriko / auzoko lagunekin;Ikasketetan;Ikasketetako lagunekin,Ikasketetako lagunekin,Ez dut erabiltzen,Ez dut erabiltzen,Irakurri;Idatzi;Aurkezpena egin;Eztabaidatu;Negoziatu,Irakurri;Idatzi;Aurkezpena egin;Eztabaidatu;Negoziatu,Irakurri;Idatzi;Eztabaidatu;Negoziatu,Ez dagokio,,
2018/09/11 9:01:08 AM CET,2 GA,Gernikan,,Seber Altube Ikastola,D,D,Ez dut inoiz aldatu,B2,B1,B2,Ez dut,,Familian;Herriko / auzoko lagunekin;Ikasketetan;Ikasketetako lagunekin;Lanean,Ez dut erabiltzen,Ikasketetan,Ez dut erabiltzen,Irakurri;Idatzi;Aurkezpena egin;Eztabaidatu;Negoziatu,Irakurri;Idatzi;Aurkezpena egin;Eztabaidatu;Negoziatu,Irakurri;Idatzi;Aurkezpena egin;Eztabaidatu;Negoziatu,Ez dagokio,Ez ,Ez
2018/09/11 9:01:10 AM CET,1 GA,Amorebieta-Etxano,,Larrea eskola,D,D,,C1,C1,B1,A1,,Familian;Ikasketetan;Ikasketetako lagunekin;Lanean,Familian;Herriko / auzoko lagunekin;Ikasketetan;Ikasketetako lagunekin;Lanean,Ez dut erabiltzen,Ez dut erabiltzen,Irakurri;Idatzi;Aurkezpena egin;Eztabaidatu;Negoziatu,Irakurri;Idatzi;Aurkezpena egin;Eztabaidatu;Negoziatu,Ez dagokio,Ez dagokio,,
2018/09/11 9:01:14 AM CET,1 GA,Bilbon,,Kirikiño ikastola,D,D,,B2,Ez dut,B2,Ez dut,,Ikasketetan,Familian;Herriko / auzoko lagunekin;Ikasketetako lagunekin,Ikasketetan,Ez dut erabiltzen,Irakurri;Idatzi;Aurkezpena egin;Eztabaidatu;Negoziatu,Irakurri;Idatzi;Aurkezpena egin;Eztabaidatu;Negoziatu,Irakurri;Idatzi;Aurkezpena egin;Eztabaidatu;Negoziatu,Ez dagokio,,
2018/09/11 9:01:17 AM CET,1 GA,Zornotza eta Dima,,Karmengo ama ikastola eta dimako eskola,D,D,,B2,Ez dut,Ez dut,Ez dut,,Familian;Herriko / auzoko lagunekin;Ikasketetan,Familian;Ikasketetan,Lanean,Ez dut erabiltzen,Irakurri;Idatzi;Aurkezpena egin;Eztabaidatu;Negoziatu,Irakurri;Idatzi;Aurkezpena egin;Eztabaidatu;Negoziatu,Irakurri,Ez dagokio,,
2018/09/11 9:01:25 AM CET,1 GA,Bilbo,,Kirikiño,D,D,,C1,Ez dut,B2,Ez dut,,Familian;Ikasketetan;Lanean,Herriko / auzoko lagunekin;Ikasketetako lagunekin,Ikasketetan;Lanean,Ez dut erabiltzen,Irakurri;Idatzi;Aurkezpena egin;Eztabaidatu;Negoziatu,Irakurri;Idatzi;Aurkezpena egin;Eztabaidatu;Negoziatu,Irakurri;Idatzi;Aurkezpena egin;Eztabaidatu;Negoziatu,Ez dagokio,,
2018/09/11 9:01:27 AM CET,1 GA,Bilbon,,Berrio otxoa ,D,D,,B2,C2,B1,Ez dut,,Ikasketetan;Ikasketetako lagunekin,Familian;Herriko / auzoko lagunekin;Ikasketetan;Ikasketetako lagunekin;Lanean,Ikasketetan,Ez dut erabiltzen,Irakurri;Idatzi;Aurkezpena egin;Eztabaidatu;Negoziatu,Irakurri;Idatzi;Aurkezpena egin;Eztabaidatu;Negoziatu,Irakurri;Idatzi,Negoziatu,,
2018/09/11 9:01:29 AM CET,1 GA,Portugalete,,"Maestro Zubeldia, Ballonti",D,D,,B2,B2,B1,Ez dut,,Ikasketetan,Familian;Herriko / auzoko lagunekin,Ikasketetan,Ez dut erabiltzen,Irakurri;Idatzi;Aurkezpena egin,Irakurri;Idatzi;Aurkezpena egin;Eztabaidatu;Negoziatu,Irakurri;Idatzi;Aurkezpena egin;Eztabaidatu,Ez dagokio,,
2018/09/11 9:01:30 AM CET,1 GA,Bilbao,,San Adrian institutoa,D,D,,B1,A2;B1,B1,B1,,Ikasketetan,Familian;Herriko / auzoko lagunekin;Ikasketetan,Ikasketetan,Ikasketetan,Irakurri;Idatzi;Aurkezpena egin,Irakurri;Idatzi;Aurkezpena egin,Irakurri;Idatzi;Aurkezpena egin,Irakurri,,
2018/09/11 9:01:36 AM CET,1 GA,Leioan,,Mesedetako Anda Mari Ikastetxean,B,D,"Batxillergoan, Magisteritza euskeraz ikasi nahi nuelako",B2,Ez dut,B2,Ez dut,,Ikasketetan;Ikasketetako lagunekin,Familian;Herriko / auzoko lagunekin;Lanean,Ez dut erabiltzen,Ez dut erabiltzen,Irakurri;Idatzi;Aurkezpena egin;Eztabaidatu;Negoziatu,Irakurri;Idatzi;Aurkezpena egin;Eztabaidatu;Negoziatu,Irakurri;Idatzi;Aurkezpena egin;Eztabaidatu,Ez dagokio,,
2018/09/11 9:01:59 AM CET,2 GA,Getxo,,Andra Mari,D,D,,B2,Ez dut,B1,Ez dut,,Ikasketetan,Familian,Ikasketetan,Ez dut erabiltzen,Irakurri;Idatzi;Aurkezpena egin;Eztabaidatu;Negoziatu,Irakurri;Idatzi;Aurkezpena egin;Eztabaidatu;Negoziatu,Irakurri;Idatzi;Aurkezpena egin;Eztabaidatu,Ez dagokio,,
2018/09/11 9:02:02 AM CET,1 GA,Getxon,,LHI artaza romo,D,D,,B2,Ez dut,B2,Ez dut,,Ikasketetan,Familian;Herriko / auzoko lagunekin;Ikasketetako lagunekin;Lanean,Ikasketetan,Ez dut erabiltzen,Irakurri;Idatzi;Aurkezpena egin;Eztabaidatu;Negoziatu,Irakurri;Idatzi;Aurkezpena egin;Eztabaidatu;Negoziatu,Irakurri;Idatzi,Ez dagokio,,Ez dakit ehu-ko korreoa
2018/09/11 9:02:07 AM CET,2 GA,Iruña,,Ezkaba,D,D,,B2,B1;C1,B1,Ez dut,,Ikasketetan;Ikasketetako lagunekin,Familian;Herriko / auzoko lagunekin,Ikasketetan,Ez dut erabiltzen,Irakurri;Idatzi;Aurkezpena egin;Eztabaidatu;Negoziatu,Irakurri;Idatzi;Aurkezpena egin;Eztabaidatu;Negoziatu,Irakurri;Idatzi,Ez dagokio,,
2018/09/11 9:02:08 AM CET,1 GA,Sestaon,,Amor Misericordioso,B,D,,B2,C2,B1,Ez dut,,Ikasketetan;Ikasketetako lagunekin;Lanean,Familian;Herriko / auzoko lagunekin;Ikasketetako lagunekin,Ez dut erabiltzen,Ez dut erabiltzen,Irakurri;Idatzi;Aurkezpena egin;Eztabaidatu;Negoziatu,Irakurri;Idatzi;Aurkezpena egin;Eztabaidatu;Negoziatu,Irakurri;Idatzi,Ez dagokio,,
2018/09/11 9:02:08 AM CET,2 GA,Plentzia,,Plentziako eskola ,D,D,,C1,C2,B1,Ez dut,,Familian,Familian,Ez dut erabiltzen,Ez dut erabiltzen,Irakurri;Idatzi;Aurkezpena egin;Eztabaidatu,Irakurri;Idatzi;Aurkezpena egin;Eztabaidatu,Irakurri;Idatzi;Aurkezpena egin,Ez dagokio,,
2018/09/11 9:02:18 AM CET,2 GA,Gernika-Lumon,,Allende Salazar,D,D,,C1,Ez dut,B1,Ez dut,,Familian;Herriko / auzoko lagunekin;Ikasketetan;Ikasketetako lagunekin;Lanean,Ikasketetan,Ikasketetan,Ez dut erabiltzen,Irakurri;Idatzi;Aurkezpena egin;Eztabaidatu;Negoziatu,Irakurri;Idatzi;Aurkezpena egin;Eztabaidatu;Negoziatu,Irakurri;Idatzi;Aurkezpena egin;Eztabaidatu,Ez dagokio,,
2018/09/11 9:02:25 AM CET,1 GA,Galdakaon,,Eguzkibegi Ikastolan,D,D,,C2,C2,B2,Ez dut,,Familian,Herriko / auzoko lagunekin;Ikasketetako lagunekin,Ikasketetan,Ez dut erabiltzen,Irakurri;Idatzi;Aurkezpena egin;Eztabaidatu;Negoziatu,Irakurri;Idatzi;Aurkezpena egin;Eztabaidatu;Negoziatu,Irakurri;Idatzi;Aurkezpena egin;Eztabaidatu;Negoziatu,Ez dagokio,,
2018/09/11 9:02:29 AM CET,2 GA,Sodupe,,Avellaneda ikastetxea,B,D,"Batxilergoan, bertako eskolan horrela ezarrita zegoelako.",B2,Ez dut,B1,Ez dut,,Ikasketetan,Familian;Herriko / auzoko lagunekin;Ikasketetako lagunekin;Lanean,Ez dut erabiltzen,Ez dut erabiltzen,Irakurri;Idatzi;Aurkezpena egin;Eztabaidatu,Irakurri;Idatzi;Aurkezpena egin;Eztabaidatu;Negoziatu,Irakurri;Idatzi;Aurkezpena egin;Eztabaidatu,Ez dagokio,,
2018/09/11 9:02:30 AM CET,2 GA,Basauri,,Jose Etxegarai,D,D,,B2,Ez dut,B2,Ez dut,,Ikasketetan,Familian,Ikasketetan,Ez dut erabiltzen,Irakurri;Idatzi;Aurkezpena egin;Eztabaidatu;Negoziatu,Irakurri;Idatzi;Aurkezpena egin;Eztabaidatu;Negoziatu,Irakurri;Idatzi;Aurkezpena egin,Ez dagokio,,
2018/09/11 9:02:32 AM CET,2 GA,Orozko,,Orozko,B,B,,B2,B2,B1,Ez dut,,Ikasketetan,Familian;Herriko / auzoko lagunekin,Ikasketetan,Ez dut erabiltzen,Irakurri;Idatzi;Aurkezpena egin;Eztabaidatu;Negoziatu,Irakurri;Idatzi;Aurkezpena egin;Eztabaidatu;Negoziatu,Irakurri;Idatzi,Ez dagokio,,
2018/09/11 9:02:35 AM CET,2 GA,Artea,,Arratia ikastola,D,D,,C1,Ez dut,B2,Ez dut,,Familian;Herriko / auzoko lagunekin;Ikasketetan;Ikasketetako lagunekin,Ikasketetan,Ikasketetan,Ez dut erabiltzen,Irakurri;Idatzi;Aurkezpena egin;Eztabaidatu;Negoziatu,Irakurri;Idatzi;Aurkezpena egin;Eztabaidatu;Negoziatu,Irakurri;Idatzi;Aurkezpena egin;Eztabaidatu;Negoziatu,Ez dagokio,,
2018/09/11 9:02:37 AM CET,1 GA,Bilbon,,Kirikiño,D,D,,B2,Ez dut,Ez dut,Ez dut,,Ikasketetan,Familian;Herriko / auzoko lagunekin;Ikasketetako lagunekin;Lanean,Ez dut erabiltzen,Ez dut erabiltzen,Irakurri;Idatzi;Aurkezpena egin;Eztabaidatu;Negoziatu,Irakurri;Idatzi;Aurkezpena egin;Eztabaidatu;Negoziatu,Irakurri;Idatzi;Aurkezpena egin,Ez dagokio,,Ez
2018/09/11 9:02:48 AM CET,1 GA,Bilbon,,Bizkaia Ikastetxean,A,A,,B2,C1;C2,B1,Ez dut,,Ikasketetan,Familian;Herriko / auzoko lagunekin;Ikasketetako lagunekin;Lanean,Ikasketetan,Ez dut erabiltzen,Irakurri;Idatzi;Aurkezpena egin;Eztabaidatu,Irakurri;Idatzi;Aurkezpena egin;Eztabaidatu;Negoziatu,Irakurri;Idatzi;Aurkezpena egin,Ez dagokio,,
2018/09/11 9:02:49 AM CET,2 GA,Abadiño ,,Traña-Matiena Herri Eskola,D,D,,B2,C1,B2,Ez dut,,Herriko / auzoko lagunekin;Ikasketetan,Familian;Herriko / auzoko lagunekin,Ikasketetan,Ez dut erabiltzen,Irakurri;Idatzi;Aurkezpena egin;Eztabaidatu;Negoziatu,Irakurri;Idatzi;Aurkezpena egin;Eztabaidatu;Negoziatu,Irakurri;Idatzi,Ez dagokio,,
2018/09/11 9:02:52 AM CET,2 GA,Abadiño,,Traña-Matiena Herri Eskola,D,D,,C1,C1,B2,Ez dut,,Ikasketetan;Lanean,Familian;Herriko / auzoko lagunekin;Ikasketetako lagunekin,Ez dut erabiltzen,Ez dut erabiltzen,Irakurri;Idatzi;Aurkezpena egin;Eztabaidatu;Negoziatu,Irakurri;Idatzi;Aurkezpena egin;Eztabaidatu;Negoziatu,Irakurri;Idatzi;Aurkezpena egin,Ez dagokio,,
2018/09/11 9:02:54 AM CET,1 GA,Bilbon,,La Salle Bilbao Ikastetxean,B,D,Magisteritza euskaraz ikasi nahi nuelako.,B2,C2;Ez dut,B2,A2,Frantsesa,Ikasketetan,Familian;Herriko / auzoko lagunekin;Ikasketetako lagunekin,Ikasketetan,Ez dut erabiltzen,Irakurri;Idatzi;Aurkezpena egin,Irakurri;Idatzi;Aurkezpena egin,Irakurri;Idatzi;Aurkezpena egin,Irakurri;Idatzi,"Frantsesez aurkezpen bat egiteko gai naiz, baina zailtasunekin.",Iaz zeinu hizkuntza ikastaro bat burutu nuen.
2018/09/11 9:03:01 AM CET,2 GA,Bilbo,,Kirikiño ikastola,D,D,,B2,B2,B1,Ez dut,,Familian;Herriko / auzoko lagunekin;Ikasketetan;Ikasketetako lagunekin,Herriko / auzoko lagunekin;Ikasketetako lagunekin,Ez dut erabiltzen,Ez dut erabiltzen,Irakurri;Idatzi;Aurkezpena egin;Eztabaidatu;Negoziatu,Irakurri;Idatzi;Aurkezpena egin;Eztabaidatu;Negoziatu,Irakurri;Idatzi,Ez dagokio,,
2018/09/11 9:03:05 AM CET,2 GA,Getxon,,Zubileta ,D,D,,B2,Ez dut,Ez dut,Ez dut,,Ikasketetan;Lanean,Familian;Herriko / auzoko lagunekin;Ikasketetako lagunekin,Ikasketetan,Ez dut erabiltzen,Irakurri;Idatzi;Aurkezpena egin;Eztabaidatu;Negoziatu,Irakurri;Idatzi;Aurkezpena egin;Eztabaidatu;Negoziatu,Irakurri;Idatzi,Ez dagokio,,
2018/09/11 9:03:14 AM CET,2 GA,Gorliz,,Gorlizko Ikastetxean,D,D,Ez dut aldatu,B2,C2,B1,Ez dut,,Familian;Herriko / auzoko lagunekin;Ikasketetan;Ikasketetako lagunekin;Lanean,Familian;Herriko / auzoko lagunekin;Ikasketetako lagunekin,Ez dut erabiltzen,Ez dut erabiltzen,Irakurri;Idatzi;Aurkezpena egin;Eztabaidatu;Negoziatu,Irakurri;Idatzi;Aurkezpena egin;Eztabaidatu;Negoziatu,Irakurri;Idatzi,Ez dagokio,,
2018/09/11 9:03:15 AM CET,1 GA,Sestaon,,La salle,B,B,,Ez dut,Ez dut,Ez dut,Ez dut,,Ikasketetan;Ikasketetako lagunekin,Familian;Herriko / auzoko lagunekin;Ikasketetan;Ikasketetako lagunekin;Lanean,Ez dut erabiltzen,Ez dut erabiltzen,Irakurri;Idatzi;Aurkezpena egin;Eztabaidatu;Negoziatu,Irakurri;Idatzi;Aurkezpena egin;Eztabaidatu;Negoziatu,Irakurri;Idatzi,Ez dagokio,,
2018/09/11 9:03:16 AM CET,2 GA,"Algorta, Getxo",,Ander Deuna Ikastola,D,D,,C1,B2,A2,A1,,Herriko / auzoko lagunekin;Ikasketetan;Lanean,Familian;Ikasketetan;Ikasketetako lagunekin,Ikasketetan;Ez dut erabiltzen,Ikasketetan,Irakurri;Idatzi;Aurkezpena egin;Eztabaidatu;Negoziatu,Irakurri;Idatzi;Aurkezpena egin;Eztabaidatu;Negoziatu,Irakurri;Idatzi;Aurkezpena egin,Ez dagokio,,
2018/09/11 9:03:18 AM CET,2 GA,Erandio ,,Altzaga Ikastola,D,D,,Ez dut,Ez dut,C1,Ez dut,,Ikasketetan,Familian;Herriko / auzoko lagunekin;Ikasketetan;Ikasketetako lagunekin,Ez dut erabiltzen,Ez dut erabiltzen,Irakurri;Idatzi;Aurkezpena egin;Eztabaidatu;Negoziatu,Irakurri;Idatzi;Aurkezpena egin;Eztabaidatu;Negoziatu,Irakurri;Idatzi;Aurkezpena egin;Eztabaidatu;Negoziatu,Ez dagokio,,
2018/09/11 9:03:25 AM CET,2 GA,Mungia,,Larramendi Ikastola,D,D,,C1,Ez dut,Ez dut,Ez dut,,Familian;Herriko / auzoko lagunekin;Ikasketetan;Ikasketetako lagunekin;Lanean,Herriko / auzoko lagunekin;Ikasketetako lagunekin,Ez dut erabiltzen,Ez dut erabiltzen,Irakurri;Idatzi;Aurkezpena egin;Eztabaidatu;Negoziatu,Irakurri;Idatzi;Aurkezpena egin;Eztabaidatu,Ez dagokio,Ez dagokio,,
2018/09/11 9:03:28 AM CET,1 GA,Usansolo,,Unkina,D,D,,B2,Ez dut,Ez dut,Ez dut,,Familian;Herriko / auzoko lagunekin;Ikasketetan,Familian;Herriko / auzoko lagunekin;Ikasketetan;Ikasketetako lagunekin;Lanean,Ez dut erabiltzen,Ez dut erabiltzen,Irakurri;Idatzi;Aurkezpena egin;Eztabaidatu;Negoziatu,Irakurri;Idatzi;Aurkezpena egin;Eztabaidatu;Negoziatu,Irakurri;Idatzi,Ez dagokio,,
2018/09/11 9:03:29 AM CET,2 GA,Astigarraga,,Arantzazuko Ama ,D,D,,C1,C1,B1,Ez dut,,Familian;Herriko / auzoko lagunekin;Ikasketetan;Lanean,Familian;Ikasketetako lagunekin,Ikasketetan;Ez dut erabiltzen,Ez dut erabiltzen,Irakurri;Idatzi;Aurkezpena egin;Eztabaidatu;Negoziatu,Irakurri;Idatzi;Aurkezpena egin;Eztabaidatu;Negoziatu,Irakurri;Idatzi;Aurkezpena egin,Ez dagokio,,
2018/09/11 9:03:32 AM CET,1 GA,Galdakao,,Gandasegi,D,D,,B2,C2,A2,Ez dut,,Familian;Ikasketetan;Lanean,Familian;Herriko / auzoko lagunekin;Ikasketetan;Ikasketetako lagunekin;Lanean,Ez dut erabiltzen,Ez dut erabiltzen,Irakurri;Idatzi;Aurkezpena egin;Eztabaidatu;Negoziatu,Irakurri;Idatzi;Aurkezpena egin;Eztabaidatu;Negoziatu,Irakurri;Idatzi,Ez dagokio,,
2018/09/11 9:03:33 AM CET,1 GA,Barakaldo,,Bagatza,D,D,,B2,C2,B1,Ez dut,,Ikasketetan;Ikasketetako lagunekin,Familian;Herriko / auzoko lagunekin;Ikasketetako lagunekin;Lanean,Ikasketetan,Ez dut erabiltzen,Irakurri;Idatzi;Aurkezpena egin;Eztabaidatu;Negoziatu,Irakurri;Idatzi;Aurkezpena egin;Eztabaidatu;Negoziatu,Irakurri;Idatzi,Ez dagokio,,
2018/09/11 9:03:38 AM CET,1 GA,Portugalete,,Maestro Zubeldia,D,D,,B2,Ez dut,B1,Ez dut,,Ikasketetan,Familian;Herriko / auzoko lagunekin;Ikasketetako lagunekin;Lanean,Ikasketetan,Ez dut erabiltzen,Irakurri;Idatzi;Aurkezpena egin;Negoziatu,Irakurri;Idatzi;Aurkezpena egin;Eztabaidatu;Negoziatu,Irakurri;Idatzi;Aurkezpena egin,Ez dagokio,,
2018/09/11 9:03:46 AM CET,1 GA,Donostia,,Mundaiz,B,A,Eskola berdinean ikasi dut betidanik eta batxilergora iristerakoan ez zegoen beste aukerarik,C1,Ez dut,Ez dut,Ez dut,,Familian;Herriko / auzoko lagunekin;Ikasketetan;Ikasketetako lagunekin;Lanean,Herriko / auzoko lagunekin;Ikasketetan;Ikasketetako lagunekin;Lanean,Ez dut erabiltzen,Ez dut erabiltzen,Irakurri;Idatzi;Aurkezpena egin;Eztabaidatu;Negoziatu,Irakurri;Idatzi;Aurkezpena egin;Eztabaidatu;Negoziatu,Irakurri;Idatzi;Aurkezpena egin,Ez dagokio,,
2018/09/11 9:03:59 AM CET,2 GA,Bilbo,,Artxandape,D,D,,B2,C1,B2,Ez dut,,Ikasketetan;Ikasketetako lagunekin;Lanean,Familian;Herriko / auzoko lagunekin;Lanean,Ikasketetan;Ikasketetako lagunekin,Ez dut erabiltzen,Irakurri;Idatzi;Aurkezpena egin;Eztabaidatu;Negoziatu,Irakurri;Idatzi;Aurkezpena egin;Eztabaidatu;Negoziatu,Irakurri;Idatzi;Aurkezpena egin;Eztabaidatu,Ez dagokio,,
2018/09/11 9:04:05 AM CET,2 GA,Ermua,,Ongarai eskola,B,A,,B2,Ez dut,B1,Ez dut,,Ikasketetan,Familian;Herriko / auzoko lagunekin;Ikasketetako lagunekin,Ikasketetan,Ez dut erabiltzen,Irakurri;Idatzi;Aurkezpena egin;Eztabaidatu,Irakurri;Idatzi;Aurkezpena egin;Eztabaidatu;Negoziatu,Irakurri;Idatzi;Aurkezpena egin,Ez dagokio,,
2018/09/11 9:04:13 AM CET,1 GA,Basaurin,,José etxegarai ,D,D,Ez,Ez dut,Ez dut,Ez dut,Ez dut,,Ikasketetan,Familian;Herriko / auzoko lagunekin,Ikasketetan,Ez dut erabiltzen,Irakurri;Idatzi;Aurkezpena egin;Eztabaidatu;Negoziatu,Irakurri;Idatzi;Aurkezpena egin;Eztabaidatu;Negoziatu,Irakurri;Idatzi;Aurkezpena egin;Eztabaidatu;Negoziatu,Ez dagokio,,
2018/09/11 9:04:13 AM CET,1 GA,Lemoa,,J. B Eguzkitza Meabe,D,D,,B2,Ez dut,B2,Ez dut,,Familian;Herriko / auzoko lagunekin;Ikasketetan;Ikasketetako lagunekin,Familian;Ikasketetako lagunekin,Ikasketetan,Ez dut erabiltzen,Irakurri;Idatzi;Aurkezpena egin;Eztabaidatu;Negoziatu,Irakurri;Idatzi;Aurkezpena egin;Eztabaidatu;Negoziatu,Irakurri;Idatzi,Ez dagokio,,Ez
2018/09/11 9:04:20 AM CET,1 GA,Espainian,,Gobela ikastola,D,D,,B1,Ez dut,C1,Ez dut,,Ikasketetan;Ikasketetako lagunekin,Familian;Herriko / auzoko lagunekin;Ikasketetan,Ikasketetan,Ez dut erabiltzen,Irakurri;Idatzi;Aurkezpena egin;Eztabaidatu;Negoziatu,Irakurri;Idatzi;Aurkezpena egin;Eztabaidatu;Negoziatu,Irakurri;Idatzi;Aurkezpena egin;Eztabaidatu;Negoziatu,Ez dagokio,,
2018/09/11 9:04:33 AM CET,2 GA,Etxebarri ,,San Antonio LH,D,D,,B2,Ez dut,B2,Ez dut,,Ikasketetan;Ikasketetako lagunekin;Lanean,Familian;Herriko / auzoko lagunekin,Ikasketetan,Lanean,Irakurri;Idatzi;Aurkezpena egin;Eztabaidatu;Negoziatu,Irakurri;Idatzi;Aurkezpena egin;Eztabaidatu;Negoziatu,Irakurri;Idatzi;Aurkezpena egin,Ez dagokio,,
2018/09/11 9:05:09 AM CET,2 GA,Irun,,Elatzeta,D,D,,C1,C1,B1,A2,Frantsesa,Familian;Ikasketetan;Ikasketetako lagunekin,Familian;Herriko / auzoko lagunekin;Ikasketetako lagunekin,Ikasketetan,Ez dut erabiltzen,Irakurri;Idatzi;Aurkezpena egin;Eztabaidatu;Negoziatu,Irakurri;Idatzi;Aurkezpena egin;Eztabaidatu;Negoziatu,Irakurri;Idatzi;Aurkezpena egin,Ez dagokio,,
2018/09/11 9:05:31 AM CET,1 GA,Galdakao,,Urreta,D,D,,B2,B2,B2,Ez dut,,Lanean,Familian,Ikasketetan,Ez dut erabiltzen,Irakurri;Idatzi;Aurkezpena egin;Eztabaidatu,Irakurri;Idatzi;Aurkezpena egin;Eztabaidatu,Irakurri;Idatzi;Aurkezpena egin;Eztabaidatu,Ez dagokio,,
2018/09/11 9:05:38 AM CET,2 GA,Berriz,,Learreta Markina eskola,D,D,,B2,Ez dut,Ez dut,Ez dut,,Familian;Ikasketetan;Lanean,Familian;Herriko / auzoko lagunekin;Ikasketetako lagunekin,Ez dut erabiltzen,Ez dut erabiltzen,Irakurri;Idatzi;Aurkezpena egin;Eztabaidatu;Negoziatu,Irakurri;Idatzi;Aurkezpena egin;Eztabaidatu;Negoziatu,Irakurri;Idatzi,Ez dagokio,,
2018/09/11 9:05:40 AM CET,2 GA,Abadiño,,Traña Matiena herri eskola,D,D,,C1,Ez dut,B1,Ez dut,,Familian;Ikasketetan,Familian;Herriko / auzoko lagunekin;Ikasketetako lagunekin,Ikasketetan,Ez dut erabiltzen,Irakurri;Idatzi;Aurkezpena egin;Eztabaidatu;Negoziatu,Irakurri;Idatzi;Aurkezpena egin;Eztabaidatu;Negoziatu,Irakurri;Idatzi;Aurkezpena egin,Ez dagokio,,
2018/09/11 9:07:18 AM CET,1 GA,Bilbon,,Txurdinaga Eskolan,D,D,,B1,Ez dut,Ez dut,A1;Ez dut,,Ikasketetan,Familian;Herriko / auzoko lagunekin;Ikasketetan;Ikasketetako lagunekin;Lanean,Ez dut erabiltzen,Ez dut erabiltzen,Irakurri;Idatzi;Aurkezpena egin;Eztabaidatu;Negoziatu,Irakurri;Idatzi;Aurkezpena egin;Eztabaidatu;Negoziatu,Irakurri;Idatzi,Ez dagokio,,
2018/09/11 9:07:25 AM CET,2 GA,Durango ,,Landako Eskola,B,D,"DBH3.mailan, nire etorkizunerako egokiena zelako",B2,Ez dut,Ez dut,Ez dut,,Ikasketetan;Ikasketetako lagunekin;Lanean,Familian;Herriko / auzoko lagunekin;Ikasketetako lagunekin;Lanean,Ikasketetan,Ez dut erabiltzen,Irakurri;Idatzi;Aurkezpena egin;Eztabaidatu;Negoziatu,Irakurri;Idatzi;Aurkezpena egin;Eztabaidatu;Negoziatu,Irakurri;Idatzi;Aurkezpena egin;Eztabaidatu,Ez dagokio,,
2018/09/11 9:19:16 AM CET,1 GA,Bilbao,,Txurdinaga Eskola,D,D,,B1,A1;A2;B1,A1,A1,,Ikasketetan,Familian;Herriko / auzoko lagunekin;Ikasketetan,Ikasketetan,Familian,Irakurri;Idatzi;Aurkezpena egin,Irakurri;Idatzi;Aurkezpena egin,Irakurri;Idatzi,Irakurri,,
2018/09/11 9:29:31 AM CET,1 GA,Bilbao,,San Inazioko eskola publikoan eta Colegio Vizcayan,D,A,LHko 5. Mailan eskolz aldatu nintzelako D eredutik B eredura pasatu nintzelako. Ondoren Colegio Vizcayan batxilergoa A eredura bakarrik irakasten zuten.,B2,Ez dut,B2,Ez dut,,Ikasketetan,Familian;Herriko / auzoko lagunekin;Ikasketetako lagunekin;Lanean,Ez dut erabiltzen,Ez dut erabiltzen,Irakurri;Idatzi;Aurkezpena egin;Eztabaidatu;Negoziatu,Irakurri;Idatzi;Aurkezpena egin;Eztabaidatu,Irakurri;Idatzi;Aurkezpena egin;Eztabaidatu,Irakurri;Idatzi,Frantzesa,
2018/09/11 1:33:08 PM CET,1 GA,Erandio,,Altzaga Ikastola,D,D,,B2,Ez dut,Ez dut,Ez dut,,Ez dut erabiltzen,Familian;Herriko / auzoko lagunekin;Ikasketetan;Ikasketetako lagunekin;Lanean,Ez dut erabiltzen,Ez dut erabiltzen,Irakurri;Idatzi;Aurkezpena egin;Eztabaidatu;Negoziatu,Irakurri;Idatzi;Aurkezpena egin;Eztabaidatu;Negoziatu,Irakurri;Idatzi,Ez dagokio,,
2018/09/14 9:28:00 AM CET,2 GA,Gernika-Lumo,,Seber Altube Ikastola,D,B,,C1,Ez dut,B2,Ez dut,,Familian;Herriko / auzoko lagunekin;Ikasketetan;Ikasketetako lagunekin;Lanean,Familian;Herriko / auzoko lagunekin,Ikasketetan;Lanean,Ez dut erabiltzen,Irakurri;Idatzi;Aurkezpena egin;Eztabaidatu;Negoziatu,Irakurri;Idatzi;Aurkezpena egin;Eztabaidatu;Negoziatu,Irakurri;Idatzi;Aurkezpena egin;Eztabaidatu;Negoziatu,Ez dagokio,,Nire ama-hizkuntzak euskara era gaztelania dira. Aita euskalduna eta ama erdalduna.
2018/09/18 4:40:52 PM CET,1 GA,Getxo,,Ander deuna ikastola eta erromoko ikastetxean,D,Ez daukat,,B1,A1,A1,A1,,Familian;Herriko / auzoko lagunekin;Ikasketetan,Familian;Herriko / auzoko lagunekin;Ikasketetan,Familian,Familian,Irakurri;Idatzi;Aurkezpena egin,Irakurri;Idatzi;Aurkezpena egin,Irakurri;Idatzi,Irakurri,,
2018/09/19 11:19:17 AM CET,2 GA,Loiun,,Lauro Ikastolan,D,D,,Ez dut,Ez dut,Ez dut,Ez dut,,Ikasketetan,Familian;Herriko / auzoko lagunekin;Ikasketetako lagunekin;Lanean,Ez dut erabiltzen,Ez dut erabiltzen,Irakurri;Idatzi;Aurkezpena egin;Eztabaidatu;Negoziatu,Irakurri;Idatzi;Aurkezpena egin;Eztabaidatu;Negoziatu,Ez dagokio,Ez dagokio,,
2018/09/20 3:47:08 PM CET,2 GA,Ermua,,San Lorenzo,B,B,,B2,Ez dut,B2,Ez dut,,Ikasketetan;Ikasketetako lagunekin;Lanean,Familian;Herriko / auzoko lagunekin;Ikasketetan;Ikasketetako lagunekin;Lanean,Ez dut erabiltzen,Ez dut erabiltzen,Irakurri;Idatzi;Aurkezpena egin;Eztabaidatu;Negoziatu,Irakurri;Idatzi;Aurkezpena egin;Eztabaidatu;Negoziatu,Irakurri;Idatzi,Ez dagokio,,
2018/11/09 9:10:23 AM CET,LH,Trapagaran,,Itxaropena Ikastola ,D,D,,Ez dut,Ez dut,B2,Ez dut,,Ikasketetan;Lanean,Familian;Herriko / auzoko lagunekin;Ikasketetan;Ikasketetako lagunekin;Lanean,Lanean,Ez dut erabiltzen,Irakurri;Idatzi;Aurkezpena egin;Eztabaidatu;Negoziatu,Irakurri;Idatzi;Aurkezpena egin;Eztabaidatu;Negoziatu,Irakurri;Idatzi;Aurkezpena egin;Eztabaidatu;Negoziatu,Ez dagokio,,
2018/11/09 9:11:41 AM CET,LH,Portugaleten,,Asti Leku ikastolan,D,D,,B2,Ez dut,B2,Ez dut,,Ikasketetan;Ikasketetako lagunekin,Familian;Herriko / auzoko lagunekin;Ikasketetan;Ikasketetako lagunekin,Ikasketetan,Ez dut erabiltzen,Irakurri;Idatzi;Aurkezpena egin;Eztabaidatu;Negoziatu,Irakurri;Idatzi;Aurkezpena egin;Eztabaidatu;Negoziatu,Irakurri;Idatzi;Aurkezpena egin;Eztabaidatu,Ez dagokio,,
2018/11/09 9:11:58 AM CET,LH,Usansolon,,Unkinan,D,D,,B2,Ez dut,B1;Ez dut,Ez dut,,Ikasketetan;Ikasketetako lagunekin,Familian;Herriko / auzoko lagunekin;Ikasketetako lagunekin,Ez dut erabiltzen,Ez dut erabiltzen,Irakurri;Idatzi;Aurkezpena egin;Eztabaidatu;Negoziatu,Irakurri;Idatzi;Aurkezpena egin;Eztabaidatu;Negoziatu,Irakurri;Idatzi;Aurkezpena egin;Eztabaidatu,Ez dagokio,,
2018/11/09 9:12:23 AM CET,LH,Izarra,,Izarra Herri Eskola,D,D,,C1,Ez dut,B2,Ez dut,,Familian;Herriko / auzoko lagunekin;Ikasketetan;Ikasketetako lagunekin,Familian;Herriko / auzoko lagunekin;Ikasketetako lagunekin,Ikasketetan,Ez dut erabiltzen,Irakurri;Idatzi;Aurkezpena egin;Eztabaidatu;Negoziatu,Irakurri;Idatzi;Aurkezpena egin;Eztabaidatu;Negoziatu,Irakurri;Idatzi;Aurkezpena egin,Ez dagokio,,
2018/11/09 9:12:27 AM CET,LH,Ondarroan,,Txomin Agirre Ikastolan,D,D,,C1,Ez dut,A2,B1,Frantsesa,Familian;Herriko / auzoko lagunekin;Ikasketetan;Ikasketetako lagunekin;Lanean,Ikasketetan,Ikasketetan,Ikasketetan,Irakurri;Idatzi;Aurkezpena egin;Eztabaidatu;Negoziatu,Irakurri;Idatzi;Aurkezpena egin;Eztabaidatu;Negoziatu,Irakurri;Idatzi;Aurkezpena egin;Eztabaidatu,Irakurri;Idatzi;Aurkezpena egin;Eztabaidatu,"Frantsesez irakurtzeko, idazteko, aurkezpenak egiteko eta eztabaidatzeko gai naiz.",
2018/11/09 9:12:32 AM CET,LH,Portugalete,,Asti-leku ikastola,D,D,,B2,Ez dut,Ez dut,Ez dut,,Ikasketetan;Ikasketetako lagunekin;Lanean,Familian;Herriko / auzoko lagunekin;Ikasketetan;Ikasketetako lagunekin;Lanean,Ez dut erabiltzen,Ez dut erabiltzen,Irakurri;Idatzi;Aurkezpena egin;Eztabaidatu;Negoziatu,Irakurri;Idatzi;Aurkezpena egin;Eztabaidatu;Negoziatu,Irakurri;Aurkezpena egin;Eztabaidatu,Ez dagokio,,
2018/11/09 9:13:26 AM CET,LH,Algorta (Getxo),,Zubileta eskola,D,D,,B2,Ez dut,Ez dut,Ez dut,,Ikasketetan;Ikasketetako lagunekin;Lanean,Familian;Herriko / auzoko lagunekin;Ikasketetako lagunekin,Ez dut erabiltzen,Ez dut erabiltzen,Irakurri;Idatzi;Aurkezpena egin;Negoziatu,Irakurri;Idatzi;Aurkezpena egin;Eztabaidatu;Negoziatu,Irakurri;Idatzi,Ez dagokio,,
2018/11/09 9:13:31 AM CET,LH,Basauri,,José Etxegarai LHI,D,D,,Ez dut,Ez dut,C1,Ez dut,,Ikasketetan;Lanean,Familian;Herriko / auzoko lagunekin;Ikasketetan;Ikasketetako lagunekin,Ez dut erabiltzen,Ez dut erabiltzen,Irakurri;Idatzi;Aurkezpena egin;Eztabaidatu;Negoziatu,Irakurri;Idatzi;Aurkezpena egin;Eztabaidatu;Negoziatu,Irakurri;Idatzi;Aurkezpena egin;Eztabaidatu;Negoziatu,Ez dagokio,,
2018/11/09 9:13:32 AM CET,LH,Algorta,,San Nikolas ikastola,D,D,,Ez dut,Ez dut,B2,Ez dut,,Familian;Ikasketetan;Lanean,Familian;Herriko / auzoko lagunekin;Ikasketetan;Ikasketetako lagunekin;Lanean,Ez dut erabiltzen,Ez dut erabiltzen,Irakurri;Idatzi;Aurkezpena egin;Eztabaidatu;Negoziatu,Irakurri;Idatzi;Aurkezpena egin;Eztabaidatu;Negoziatu,Irakurri;Idatzi;Aurkezpena egin,Ez dagokio,,
2018/11/09 9:13:44 AM CET,LH,Portugaleten,,Maestro Zubeldia eskolan,D,D,,Ez dut,Ez dut,Ez dut,A1;A2,Zeinu hizkuntza,Ikasketetan;Ikasketetako lagunekin;Lanean,Familian;Herriko / auzoko lagunekin;Ikasketetako lagunekin,Ez dut erabiltzen,Ikasketetako lagunekin,Irakurri;Idatzi;Aurkezpena egin;Eztabaidatu;Negoziatu,Irakurri;Idatzi;Aurkezpena egin;Eztabaidatu;Negoziatu,Irakurri;Idatzi;Aurkezpena egin;Eztabaidatu,Aurkezpena egin;Eztabaidatu,Zeinu hizkuntza,
2018/11/09 9:13:46 AM CET,LH,Barakaldon,,Gurutzetako salestarretan,B,A,Unibertsitatera ailegatzean. ,B2,Ez dut,Ez dut,Ez dut,,Ikasketetan;Ikasketetako lagunekin,Familian;Herriko / auzoko lagunekin;Ikasketetako lagunekin,Ikasketetan,Ez dut erabiltzen,Irakurri;Idatzi;Aurkezpena egin;Eztabaidatu;Negoziatu,Irakurri;Idatzi;Aurkezpena egin;Eztabaidatu;Negoziatu,Irakurri;Idatzi,Ez dagokio,,
2018/11/09 9:13:50 AM CET,LH,Amorebieta-Euba,,Lauaxeta Ikastolan,D,D,,B2,Ez dut,Ez dut,Ez dut,,Ikasketetan;Lanean,Familian;Herriko / auzoko lagunekin;Ikasketetako lagunekin,Ikasketetan;Lanean,Ez dut erabiltzen,Irakurri;Idatzi;Aurkezpena egin;Eztabaidatu;Negoziatu,Irakurri;Idatzi;Aurkezpena egin;Eztabaidatu;Negoziatu,Irakurri;Idatzi;Aurkezpena egin;Eztabaidatu;Negoziatu,Ez dagokio,,
2018/11/09 9:13:55 AM CET,LH,Trapagaran,,Itxaropena Ikastola ,D,D,,Ez dut,Ez dut,B2,Ez dut,,Ikasketetan;Lanean,Familian;Herriko / auzoko lagunekin;Ikasketetan;Ikasketetako lagunekin;Lanean,Lanean,Ez dut erabiltzen,Irakurri;Idatzi;Aurkezpena egin;Eztabaidatu,Irakurri;Idatzi;Aurkezpena egin;Eztabaidatu;Negoziatu,Irakurri;Idatzi;Aurkezpena egin;Eztabaidatu;Negoziatu,Ez dagokio,,
2018/11/09 9:13:57 AM CET,LH,Barakaldon,,LH Nuestra Señora del Rosarion DBH IES Gurutzetan,B,D,DBH-ko bigarren mailan eskolaz aldatzean.,Ez dut,Ez dut,B2,Ez dut,,Herriko / auzoko lagunekin;Ikasketetan;Ikasketetako lagunekin;Lanean,Familian;Herriko / auzoko lagunekin;Ikasketetako lagunekin;Lanean,Ez dut erabiltzen,Ez dut erabiltzen,Irakurri;Idatzi;Aurkezpena egin;Eztabaidatu;Negoziatu,Irakurri;Idatzi;Aurkezpena egin;Eztabaidatu;Negoziatu,Irakurri;Idatzi,Ez dagokio,,
2018/11/09 9:14:42 AM CET,LH,Portugalete,,Kanpazar eskola publikoan,D,D,,C1,Ez dut,C1,Ez dut,,Ikasketetan;Ikasketetako lagunekin,Familian;Herriko / auzoko lagunekin,Lanean,Ez dut erabiltzen,Irakurri;Idatzi;Aurkezpena egin;Eztabaidatu;Negoziatu,Irakurri;Idatzi;Aurkezpena egin;Eztabaidatu;Negoziatu,Irakurri;Idatzi;Aurkezpena egin;Eztabaidatu;Negoziatu,Ez dagokio,,
2018/11/09 9:15:38 AM CET,HH,Elantxoben 5.mailararte gero Gernikan,,elantxobeko eskola unitarioa eta barrutia ikastetxea,D,D,ez,Ez dut,Ez dut,Ez dut,Ez dut,,Familian;Herriko / auzoko lagunekin;Ikasketetan;Ikasketetako lagunekin;Lanean,Lanean,Ez dut erabiltzen,Ez dut erabiltzen,Irakurri;Idatzi;Aurkezpena egin;Eztabaidatu;Negoziatu,Irakurri;Idatzi;Aurkezpena egin;Eztabaidatu;Negoziatu,Irakurri;Idatzi,Ez dagokio,,
2018/11/09 9:15:55 AM CET,LH,Deustun,,Deustuko Ikastolan,D,D,,C1,Ez dut,Ez dut,Ez dut,,Herriko / auzoko lagunekin;Ikasketetan;Ikasketetako lagunekin;Lanean,Familian;Herriko / auzoko lagunekin;Ikasketetako lagunekin;Lanean,Ikasketetan,Ez dut erabiltzen,Irakurri;Idatzi;Aurkezpena egin;Eztabaidatu;Negoziatu,Irakurri;Idatzi;Aurkezpena egin;Eztabaidatu;Negoziatu,Irakurri;Idatzi;Aurkezpena egin,Ez dagokio,,
2018/11/09 9:15:58 AM CET,LH,Bilbo,,Urretxindorra Ikastola,D,D,,B2,Ez dut,B1,Ez dut,,Ikasketetan;Ikasketetako lagunekin;Lanean,Familian;Herriko / auzoko lagunekin;Ikasketetako lagunekin,Ez dut erabiltzen,Ez dut erabiltzen,Irakurri;Idatzi;Aurkezpena egin,Irakurri;Idatzi;Aurkezpena egin;Eztabaidatu;Negoziatu,Irakurri;Idatzi,Ez dagokio,,
2018/11/09 9:17:19 AM CET,LH,Lekeition,,Lekeitioko Eskola Publikoan,D,D,,C1,Ez dut,B1,Ez dut,,Familian;Herriko / auzoko lagunekin;Ikasketetan;Ikasketetako lagunekin,Ez dut erabiltzen,Ez dut erabiltzen,Ez dut erabiltzen,Irakurri;Idatzi;Aurkezpena egin;Eztabaidatu;Negoziatu,Irakurri;Idatzi;Aurkezpena egin;Eztabaidatu;Negoziatu,Irakurri;Idatzi;Aurkezpena egin,Ez dagokio,,
2018/11/09 9:18:49 AM CET,HH,Derio,,Bizkaia Ikastetxea,B,B,,B1,Ez dut,Ez dut,Ez dut,,Herriko / auzoko lagunekin;Ikasketetan;Ikasketetako lagunekin,Familian;Herriko / auzoko lagunekin;Ikasketetan;Ikasketetako lagunekin,Ez dut erabiltzen,Ez dut erabiltzen,Irakurri;Idatzi;Aurkezpena egin;Eztabaidatu;Negoziatu,Irakurri;Idatzi;Aurkezpena egin;Eztabaidatu,Irakurri;Idatzi,Ez dagokio,,Laborategiko teknikariaren ikasketak egin nituen hau egin baino lehen.
2018/11/09 9:19:17 AM CET,HH,Zornotzan,,Karmengo Ama Ikastetxean ,D,D,,B2,Ez dut,Ez dut,Ez dut,,Familian;Herriko / auzoko lagunekin;Ikasketetan;Ikasketetako lagunekin,Ez dut erabiltzen,Ez dut erabiltzen,Ez dut erabiltzen,Irakurri;Idatzi;Aurkezpena egin;Eztabaidatu;Negoziatu,Ez dagokio,Ez dagokio,Ez dagokio,,
2018/11/09 9:20:47 AM CET,HH,Bermeo,,Eleizalde Tar Luis Ikastola,D,D,,B1,B1,A2,A2,Frantzesa A2,Familian;Herriko / auzoko lagunekin;Ikasketetan,Ikasketetan,Ikasketetan,Ikasketetan,Irakurri;Idatzi;Aurkezpena egin,Irakurri,Irakurri,Irakurri,Fratzesa irakurtzen,
2018/11/09 9:21:18 AM CET,HH,Leioa,,Askartza,D,D,"Batxilergo artistikoa egin nuen, Arte Ederrak egiteko, baina Haur Hezkuntza ikasteko nahiak nituenez, HH ikasten ari naiz.",B1,B1,B1,A1,,Familian;Ikasketetan,Familian;Herriko / auzoko lagunekin,Ikasketetan,Familian,Irakurri;Idatzi;Aurkezpena egin,Irakurri;Idatzi;Aurkezpena egin,Irakurri;Idatzi,Irakurri,Italiera gustoko dut. ,
2018/11/09 9:22:00 AM CET,HH,Barakaldo,,Gurutzeta,D,D,,A2,B1,A1,A1;A2,"Frantsetza , oinarrizkoa. Latina, oinarrizkoa",Ikasketetan,Familian;Herriko / auzoko lagunekin,Ikasketetan,Ikasketetan,Irakurri;Idatzi;Aurkezpena egin,Irakurri;Idatzi;Aurkezpena egin,Irakurri,Irakurri,Frantsetza irakurtzean zerbait ulertzen dut,
2018/11/09 9:24:45 AM CET,HH,eibar,,urkizu eskola,D,D,,B2,Ez dut,Ez dut,Ez dut,,Familian;Herriko / auzoko lagunekin;Ikasketetan;Ikasketetako lagunekin;Lanean,Familian;Herriko / auzoko lagunekin;Ikasketetan;Ikasketetako lagunekin;Lanean,Ez dut erabiltzen,Ez dut erabiltzen,Irakurri;Idatzi;Aurkezpena egin;Eztabaidatu;Negoziatu,Irakurri;Idatzi;Aurkezpena egin;Eztabaidatu;Negoziatu,Ez dagokio,Ez dagokio,,
2018/11/09 9:24:53 AM CET,HH,Barakaldon,,Paules Barakaldo,A,A,"Unibertsitatean, euskaraz ikasteko nire gustokoa delako",Ez dut,Ez dut,B2,Ez dut,,Familian;Herriko / auzoko lagunekin;Ikasketetan;Ikasketetako lagunekin;Lanean,Familian;Herriko / auzoko lagunekin;Lanean,Ez dut erabiltzen,Ez dut erabiltzen,Irakurri;Idatzi;Aurkezpena egin;Eztabaidatu;Negoziatu,Irakurri;Idatzi;Aurkezpena egin;Eztabaidatu;Negoziatu,Irakurri;Idatzi,Ez dagokio,,
2018/11/23 10:55:07 AM CET,LH,Barakaldo,,"San Vicente de Paúl, Barakaldo",B,A,Batxillergoan eskolak B eredutik A eredura pasatzen da.,B2,Ez dut,Ez dut,Ez dut,,Ikasketetan;Ikasketetako lagunekin,Familian;Herriko / auzoko lagunekin;Ikasketetako lagunekin;Lanean,Ez dut erabiltzen,Ez dut erabiltzen,Irakurri;Idatzi;Aurkezpena egin;Eztabaidatu;Negoziatu,Irakurri;Idatzi;Aurkezpena egin;Eztabaidatu;Negoziatu,Irakurri;Idatzi;Aurkezpena egin,Ez dagokio,,
2018/11/23 10:55:52 AM CET,LH,Berrizen,,Learreta Markina eskolan,D,D,,B2,B2,B2,Ez dut,,Familian;Herriko / auzoko lagunekin;Ikasketetan;Ikasketetako lagunekin;Lanean,Familian;Herriko / auzoko lagunekin;Ikasketetan;Ikasketetako lagunekin;Lanean,Ez dut erabiltzen,Ez dut erabiltzen,Irakurri;Idatzi;Aurkezpena egin;Eztabaidatu;Negoziatu,Irakurri;Idatzi;Aurkezpena egin;Eztabaidatu;Negoziatu,Irakurri,Ez dagokio,,
2018/11/23 10:59:00 AM CET,LH,Leioan,,Askartzan,D,D,,B2,Ez dut,B2,Ez dut,,Ikasketetan,Familian;Herriko / auzoko lagunekin;Ikasketetako lagunekin,Ikasketetan,Ez dut erabiltzen,Irakurri;Idatzi;Aurkezpena egin;Eztabaidatu;Negoziatu,Irakurri;Idatzi;Aurkezpena egin;Eztabaidatu;Negoziatu,Irakurri;Idatzi;Aurkezpena egin;Eztabaidatu,Ez dagokio,,
2018/11/23 11:30:42 AM CET,HH,Bilbon,,La Salle Ikastetxean,B,D,"Batxillergoan, nire etorkizunerako funtsezkoa zelako.",B2,Ez dut,B2,B1,Frantsesa,Ikasketetan;Ikasketetako lagunekin;Lanean,Familian;Herriko / auzoko lagunekin;Ikasketetan;Ikasketetako lagunekin;Lanean,Ikasketetan;Ikasketetako lagunekin,Ez dut erabiltzen,Irakurri;Idatzi;Aurkezpena egin;Eztabaidatu;Negoziatu,Irakurri;Idatzi;Aurkezpena egin;Eztabaidatu;Negoziatu,Irakurri;Idatzi;Aurkezpena egin;Eztabaidatu,Irakurri;Idatzi,Frantsesa,
2018/11/23 1:04:56 PM CET,LH,Barakaldo,,Alkartu Ikastola,D,D,,C1,C1,B1,Ez dut,,Ikasketetan;Ikasketetako lagunekin,Familian;Herriko / auzoko lagunekin;Ikasketetan;Ikasketetako lagunekin;Lanean,Ikasketetan,Ez dut erabiltzen,Irakurri;Idatzi;Aurkezpena egin;Eztabaidatu;Negoziatu,Irakurri;Idatzi;Aurkezpena egin;Eztabaidatu;Negoziatu,Irakurri;Idatzi;Eztabaidatu,Ez dagokio,,
2018/11/30 12:24:26 PM CET,HH,Durangon,,Landako,D,D,,B2,B2,C1,Ez dut,,Ikasketetan;Ikasketetako lagunekin,Familian;Herriko / auzoko lagunekin;Lanean,Ez dut erabiltzen,Ez dut erabiltzen,Irakurri;Idatzi;Aurkezpena egin;Eztabaidatu;Negoziatu,Irakurri;Idatzi;Aurkezpena egin;Eztabaidatu;Negoziatu,Irakurri;Idatzi;Aurkezpena egin;Eztabaidatu;Negoziatu,Ez dagokio,,
2019/09/09 8:41:03 AM CET,Minorrekoa (HH zein LH),Portugaleten,2011,Santa Maria Ikastetxea,D,D,,Ez dut,Ez dut,Ez dut,Ez dut,,Ikasketetan;Lanean,Familian;Herriko / auzoko lagunekin;Ikasketetako lagunekin,Ez dut ia erabiltzen,Ez dut ia erabiltzen,Irakurri;Idatzi;Aurkezpena egin;Eztabaidatu;Negoziatu,Irakurri;Idatzi;Aurkezpena egin;Eztabaidatu;Negoziatu,Irakurri;Idatzi;Aurkezpena egin;Eztabaidatu,Ez dagokio,,
2019/09/09 8:44:29 AM CET,LH 3,Karrantza Harana,2011,Kontxa Eskola,D,A,Batxilergoan euskaraz ez zutelako irakasten.,Ez dut,Ez dut,Ez dut,Ez dut,,Ikasketetan;Ikasketetako lagunekin;Lanean,Familian;Herriko / auzoko lagunekin;Ikasketetan;Ikasketetako lagunekin;Lanean,Ikasketetan;Ikasketetako lagunekin,Ez dut ia erabiltzen,Irakurri;Idatzi;Aurkezpena egin;Eztabaidatu;Negoziatu,Irakurri;Idatzi;Aurkezpena egin;Eztabaidatu;Negoziatu,Irakurri;Idatzi;Aurkezpena egin;Eztabaidatu;Negoziatu,Ez dagokio,,
2019/09/09 10:40:50 AM CET,LH 3,Ortuella,2011,San Felix Ikastetxea,D,D,,B2,Ez dut,Ez dut,Ez dut,,Ikasketetan;Lanean,Familian;Herriko / auzoko lagunekin;Ikasketetako lagunekin;Lanean,Ez dut ia erabiltzen,Ez dut ia erabiltzen,Irakurri;Idatzi;Aurkezpena egin;Eztabaidatu,Irakurri;Idatzi;Aurkezpena egin;Eztabaidatu;Negoziatu,Irakurri;Idatzi,Ez dagokio,,
2019/09/09 2:26:18 PM CET,LH 3,Mungian,2011,Larramendi Ikastolan,D,D,,C1,Ez dut,B2,Ez dut,,Familian;Ikasketetan;Ikasketetako lagunekin;Lanean,Familian;Herriko / auzoko lagunekin;Ikasketetan;Ikasketetako lagunekin;Lanean,Ikasketetan,Ez dut ia erabiltzen,Irakurri;Idatzi;Aurkezpena egin;Eztabaidatu;Negoziatu,Irakurri;Idatzi;Aurkezpena egin;Eztabaidatu;Negoziatu,Irakurri;Idatzi,Negoziatu,,
2019/09/09 2:30:02 PM CET,LH 3,Eibar,2006,La Salle ,B,A,"Batxilergoan, matematikak gazteleraz egin ahal izateko.",B2,B2,B2,A1,,Ikasketetan;Lanean,Familian;Herriko / auzoko lagunekin;Ikasketetako lagunekin,Ikasketetan,Familian;Herriko / auzoko lagunekin,Irakurri;Idatzi;Aurkezpena egin;Eztabaidatu;Negoziatu,Irakurri;Idatzi;Aurkezpena egin;Eztabaidatu;Negoziatu,Irakurri;Idatzi;Aurkezpena egin,Aurkezpena egin;Eztabaidatu;Negoziatu,Arabiera ,
2019/09/09 7:11:08 PM CET,LH 3,Durango,2011,Kurutziaga Ikastola,D,D,,B1,B1,B1,Ez dut,,Familian;Herriko / auzoko lagunekin;Ikasketetan,Familian;Herriko / auzoko lagunekin;Ikasketetako lagunekin,Ikasketetan,Ez dut ia erabiltzen,Irakurri;Idatzi;Aurkezpena egin;Eztabaidatu;Negoziatu,Irakurri;Idatzi;Aurkezpena egin;Eztabaidatu;Negoziatu,Irakurri;Idatzi;Aurkezpena egin,Ez dagokio,,
2019/09/09 7:31:58 PM CET,LH 3,Mungian,2011,Bentades Ikastetxean,D,D,,Ez dut,Ez dut,Ez dut,Ez dut,,Familian;Ikasketetan;Lanean,Familian;Herriko / auzoko lagunekin;Ikasketetan;Ikasketetako lagunekin;Lanean,Ez dut ia erabiltzen,Ez dut ia erabiltzen,Irakurri;Idatzi;Aurkezpena egin;Eztabaidatu;Negoziatu,Irakurri;Idatzi;Aurkezpena egin;Eztabaidatu;Negoziatu,Irakurri;Idatzi,Ez dagokio,,
2019/09/09 7:53:09 PM CET,LH 3,Laudio,2006,Lamuza Eskolan,D,D,,B2,Ez dut,Ez dut,Ez dut,,Ikasketetan;Ikasketetako lagunekin,Familian;Herriko / auzoko lagunekin;Ikasketetan;Ikasketetako lagunekin;Lanean,Ez dut ia erabiltzen,Ez dut ia erabiltzen,Irakurri;Idatzi;Aurkezpena egin;Eztabaidatu;Negoziatu,Irakurri;Idatzi;Aurkezpena egin;Eztabaidatu;Negoziatu,Irakurri;Idatzi,Ez dagokio,,
2019/09/09 8:49:48 PM CET,LH 3,Mungian,2011,CEIP Legarda HLHI,D,D,,C1,Ez dut,B2,Ez dut,,Familian;Ikasketetan,Familian;Herriko / auzoko lagunekin;Ikasketetako lagunekin,Ez dut ia erabiltzen,Ez dut ia erabiltzen,Irakurri;Idatzi;Aurkezpena egin;Eztabaidatu,Irakurri;Idatzi;Aurkezpena egin;Eztabaidatu;Negoziatu,Irakurri;Idatzi,Ez dagokio,,
2019/09/09 9:00:09 PM CET,LH 3,Zamudion,2011,Zamudioko eskolan,D,D,,B2,B2,C1,Ez dut,,Familian;Herriko / auzoko lagunekin;Ikasketetan;Ikasketetako lagunekin,Ikasketetan;Ikasketetako lagunekin,Ikasketetan,Ez dut ia erabiltzen,Irakurri;Idatzi;Aurkezpena egin;Eztabaidatu;Negoziatu,Irakurri;Idatzi;Aurkezpena egin;Eztabaidatu;Negoziatu,Irakurri;Idatzi,Irakurri;Idatzi,Frantzezean irakurri eta ulertzeko gaitasuna dut. Idazten gutxi gora behera. ,
2019/09/10 10:55:34 PM CET,LH 3,Bermeo,2011,Eleizalde Ikastola,D,D,,C1,Ez dut,Ez dut,Ez dut,,Familian;Herriko / auzoko lagunekin;Ikasketetan,Ikasketetako lagunekin,Ikasketetan,Ez dut ia erabiltzen,Irakurri;Idatzi;Aurkezpena egin;Eztabaidatu;Negoziatu,Irakurri;Idatzi;Aurkezpena egin;Eztabaidatu;Negoziatu,Irakurri;Idatzi;Aurkezpena egin;Eztabaidatu;Negoziatu,Ez dagokio,,
2019/09/11 8:29:41 AM CET,LH 3,Gernika-Lumo,2010,Saber Altube Ikastola,D,D,,C1,Ez dut,B2,Ez dut,,Familian;Herriko / auzoko lagunekin;Ikasketetan;Ikasketetako lagunekin;Lanean,Ez dut ia erabiltzen,Ez dut ia erabiltzen,Ez dut ia erabiltzen,Irakurri;Idatzi;Aurkezpena egin;Eztabaidatu;Negoziatu,Ez dagokio,Ez dagokio,Ez dagokio,,
2019/09/11 10:09:41 AM CET,LH 3,Zumarragan,2011n,Urretxu-Zumarraga ikastolan,D,D,,C1,Ez dut,B1,Ez dut,,Familian;Herriko / auzoko lagunekin;Ikasketetan;Ikasketetako lagunekin;Lanean,Ikasketetako lagunekin,Ez dut ia erabiltzen,Ez dut ia erabiltzen,Irakurri;Idatzi;Aurkezpena egin;Eztabaidatu;Negoziatu,Irakurri;Idatzi;Aurkezpena egin;Eztabaidatu;Negoziatu,Irakurri;Idatzi;Aurkezpena egin,Ez dagokio,,EZ
2019/09/11 10:17:00 AM CET,LH 3,Leioa,2010,Askartza Claret,D,D,,B2,Ez dut,B2,Ez dut,,Ikasketetan;Ikasketetako lagunekin;Lanean,Familian;Herriko / auzoko lagunekin;Ikasketetako lagunekin;Lanean,Ikasketetan,Ez dut ia erabiltzen,Irakurri;Idatzi;Aurkezpena egin;Eztabaidatu;Negoziatu,Irakurri;Idatzi;Aurkezpena egin;Eztabaidatu;Negoziatu,Irakurri;Idatzi;Aurkezpena egin;Eztabaidatu;Negoziatu,Ez dagokio,,
2019/09/11 11:46:22 AM CET,LH 3,Portugalete,2011,Santa Maria ikastetxea,B,D,,B1,B1,A2,A2,Ezer ez,Ikasketetan,Familian;Herriko / auzoko lagunekin;Ikasketetan,Ikasketetan,Herriko / auzoko lagunekin,Irakurri;Idatzi;Aurkezpena egin,Irakurri;Idatzi;Aurkezpena egin,Irakurri;Idatzi;Aurkezpena egin,Idatzi,,
2019/09/11 11:51:07 AM CET,LH 3,Gallarta,2011,Etorkizuna ikastola,D,D,,B1,B1,B1,A2,,Ikasketetan,Familian;Herriko / auzoko lagunekin,Ikasketetan,Herriko / auzoko lagunekin,Irakurri;Idatzi,Irakurri;Idatzi;Aurkezpena egin,Irakurri,Irakurri,,
2019/09/11 11:58:16 AM CET,LH 3,Amorebieta-Etxano,2011,Karmengo Ama ikastetxea,D,D,,B2,B2,B2,A2,Aleman,Familian;Ikasketetan;Ikasketetako lagunekin;Lanean,Familian;Herriko / auzoko lagunekin;Ikasketetan;Ikasketetako lagunekin;Lanean,Ikasketetan,Ez dut ia erabiltzen,Irakurri;Idatzi;Aurkezpena egin;Eztabaidatu,Irakurri;Idatzi;Aurkezpena egin;Eztabaidatu,Irakurri;Idatzi;Negoziatu,Ez dagokio,,
2019/09/11 12:06:02 PM CET,LH 3,Leioa,2011,Askartza,D,D,,B2,Ez dut,B1,Ez dut,,Ikasketetan,Familian;Herriko / auzoko lagunekin;Ikasketetan;Ikasketetako lagunekin;Lanean,Ikasketetan,Ez dut ia erabiltzen,Irakurri;Idatzi;Aurkezpena egin;Eztabaidatu;Negoziatu,Irakurri;Idatzi;Aurkezpena egin;Eztabaidatu;Negoziatu,Irakurri;Idatzi;Aurkezpena egin,Irakurri;Ez dagokio,,
2019/09/11 12:09:44 PM CET,LH 3,Algorta,2011,Andra Mari,D,D,,C1,Ez dut,C1,Ez dut,,Ikasketetan,Familian;Herriko / auzoko lagunekin;Ikasketetako lagunekin,Lanean,Ez dut ia erabiltzen,Irakurri;Idatzi;Aurkezpena egin;Eztabaidatu;Negoziatu,Irakurri;Idatzi;Aurkezpena egin;Eztabaidatu;Negoziatu,Irakurri;Idatzi;Aurkezpena egin;Eztabaidatu;Negoziatu,Ez dagokio,,
2019/09/11 12:19:29 PM CET,LH 3,Elorrion,2011,Elorrio Herri Ikastetxe,D,D,,Ez dut,Ez dut,Ez dut,Ez dut,,Familian;Herriko / auzoko lagunekin;Ikasketetan,Ez dut ia erabiltzen,Ez dut ia erabiltzen,Ez dut ia erabiltzen,Irakurri;Idatzi;Aurkezpena egin;Eztabaidatu;Negoziatu,Irakurri;Aurkezpena egin,Irakurri;Aurkezpena egin,Ez dagokio,,Ez
2019/09/11 4:58:30 PM CET,LH 3,Getxo,2011,Andra Mari ikastetxea,B,D,"DBHn aldatu nintzen, LH D ereduan egiteko aukerarik izan ez nuelako.",B2;C1,Ez dut,B2;C1,Ez dut,,Ikasketetan;Ikasketetako lagunekin,Familian;Herriko / auzoko lagunekin;Ikasketetan;Ikasketetako lagunekin,Ez dut ia erabiltzen,Ez dut ia erabiltzen,Irakurri;Idatzi;Aurkezpena egin;Eztabaidatu;Negoziatu,Irakurri;Idatzi;Aurkezpena egin;Eztabaidatu;Negoziatu,Irakurri;Idatzi;Aurkezpena egin;Eztabaidatu;Negoziatu,Ez dagokio,,
2019/09/12 9:39:31 AM CET,LH 3,Leioan,2012-2013,Claret Askartzan,D,D,,C1,C1,B2,Ez dut,,Ikasketetan,Familian;Herriko / auzoko lagunekin,Ez dut ia erabiltzen,Ez dut ia erabiltzen,Irakurri;Idatzi;Aurkezpena egin;Eztabaidatu,Irakurri;Idatzi;Aurkezpena egin;Eztabaidatu;Negoziatu,Irakurri;Idatzi;Aurkezpena egin,Ez dagokio,,
2019/09/12 9:40:28 AM CET,LH 3,Laudio ,2012-2013,Lateorroko ikastetxean  ,B,D,DHB pasatzerakoan instituto berria zelako ,A2,C1,A1,Ez dut,,Ikasketetan;Ikasketetako lagunekin,Familian;Herriko / auzoko lagunekin,Ez dut ia erabiltzen,Ez dut ia erabiltzen,Irakurri;Idatzi;Aurkezpena egin;Eztabaidatu;Negoziatu,Irakurri;Idatzi;Aurkezpena egin;Eztabaidatu;Negoziatu,Irakurri;Idatzi,Ez dagokio,,
2019/09/12 9:41:04 AM CET,LH 3,Trapagaran,2010-2011,Ikastola Itxaropena,D,Hirueleduna,Batxilergoan aukera eman zidatelo eta ingelesa gustuko dudalako.,B2,C1,B2,Ez dut,,Ikasketetan,Familian;Herriko / auzoko lagunekin;Ikasketetako lagunekin;Lanean,Ikasketetan;Ikasketetako lagunekin,Ez dut ia erabiltzen,Irakurri;Idatzi;Aurkezpena egin;Eztabaidatu,Irakurri;Idatzi;Aurkezpena egin;Eztabaidatu;Negoziatu,Irakurri;Idatzi;Aurkezpena egin;Eztabaidatu,Ez dagokio,,
2019/09/12 9:43:50 AM CET,LH 3,Gernika-Lumo,2009/2010,San Fidel Ikastola,D,D,,C1,C1,B2,Ez dut,,Familian;Herriko / auzoko lagunekin;Ikasketetan;Lanean,Ikasketetako lagunekin,Ikasketetan,Ez dut ia erabiltzen,Irakurri;Idatzi;Aurkezpena egin;Eztabaidatu;Negoziatu,Irakurri;Idatzi;Aurkezpena egin;Eztabaidatu;Negoziatu,Irakurri;Idatzi;Aurkezpena egin;Eztabaidatu,Ez dagokio,,
2019/09/12 9:47:05 AM CET,LH 3,Areta (Laudio),2010-2011,Fabian Legorburu,D,D,,C1,Ez dut,Ez dut,Ez dut,,Familian;Herriko / auzoko lagunekin;Ikasketetan,Familian;Herriko / auzoko lagunekin;Ikasketetan;Ikasketetako lagunekin,Ez dut ia erabiltzen,Ez dut ia erabiltzen,Irakurri;Idatzi;Aurkezpena egin;Eztabaidatu;Negoziatu,Irakurri;Idatzi;Aurkezpena egin;Eztabaidatu;Negoziatu,Irakurri;Idatzi,Ez dagokio,,
2019/09/13 8:55:06 AM CET,LH 3,Barakaldo,2009,Alkartu ikastola,D,D,,B2,Ez dut,Ez dut,Ez dut,,Ikasketetan;Lanean,Familian;Herriko / auzoko lagunekin;Ikasketetan;Ikasketetako lagunekin;Lanean,Lanean;Ez dut ia erabiltzen,Ez dut ia erabiltzen,Irakurri;Idatzi;Aurkezpena egin;Eztabaidatu;Negoziatu,Irakurri;Idatzi;Aurkezpena egin;Eztabaidatu;Negoziatu,Irakurri;Idatzi;Aurkezpena egin;Eztabaidatu;Negoziatu,Ez dagokio,,
2019/09/13 9:00:31 AM CET,LH 3,Barakaldo,2011,Mukusuluba Ikastola,D,D,,B2,Ez dut,Ez dut,Ez dut,,Ikasketetan;Ikasketetako lagunekin,Familian;Herriko / auzoko lagunekin,Ez dut ia erabiltzen,Ez dut ia erabiltzen,Irakurri;Idatzi;Aurkezpena egin;Eztabaidatu;Negoziatu,Irakurri;Idatzi;Aurkezpena egin;Eztabaidatu;Negoziatu,Irakurri;Idatzi,Ez dagokio,,
2019/09/13 9:00:31 AM CET,LH 3,Barakaldo,2009,Alkartu Ikastola,D,D,,C1,Ez dut,C2,Ez dut,,Ikasketetan;Ikasketetako lagunekin,Familian;Herriko / auzoko lagunekin,Ez dut ia erabiltzen,Ez dut ia erabiltzen,Irakurri;Idatzi;Aurkezpena egin;Eztabaidatu;Negoziatu,Irakurri;Idatzi;Aurkezpena egin;Eztabaidatu;Negoziatu,Irakurri;Idatzi;Aurkezpena egin;Eztabaidatu;Negoziatu,Ez dagokio,,
2019/09/13 9:06:37 AM CET,LH 3,Bilbon,2010,Zurbaranbarri eskola,D,D,,B2,Ez dut,B2,Ez dut,,Herriko / auzoko lagunekin;Ikasketetan;Ikasketetako lagunekin;Lanean,Familian;Ikasketetako lagunekin;Lanean,Ez dut ia erabiltzen,Ez dut ia erabiltzen,Irakurri;Idatzi;Aurkezpena egin;Eztabaidatu;Negoziatu,Irakurri;Idatzi;Aurkezpena egin;Eztabaidatu;Negoziatu,Irakurri;Idatzi;Aurkezpena egin;Eztabaidatu,Ez dagokio,,
2019/09/13 9:32:03 AM CET,LH 3,Sondika,2010,Gorondagane,D,D,Ez,B2,C2,B1,Ez dut,,Ikasketetan,Familian;Herriko / auzoko lagunekin;Ikasketetan;Ikasketetako lagunekin;Lanean,Ez dut ia erabiltzen,Ez dut ia erabiltzen,Irakurri;Idatzi;Aurkezpena egin;Eztabaidatu;Negoziatu,Irakurri;Idatzi;Aurkezpena egin;Eztabaidatu;Negoziatu,Irakurri;Idatzi,Ez dagokio,,
2019/09/13 9:32:36 AM CET,LH 3,Leioa,2010,Artatza pinueta,D,D,,C1,Ez dut,B2,Ez dut,,Ikasketetan;Ikasketetako lagunekin,Familian;Herriko / auzoko lagunekin;Ikasketetako lagunekin,Ikasketetan,Ez dut ia erabiltzen,Irakurri;Idatzi;Aurkezpena egin;Eztabaidatu;Negoziatu,Irakurri;Idatzi;Aurkezpena egin;Eztabaidatu;Negoziatu,Irakurri;Idatzi,Ez dagokio,,
2019/09/13 9:32:51 AM CET,LH 3,Lekeitio,2010,Lekeitioko Eskola Publiko,D,D,,C1,Ez dut,Ez dut,Ez dut,,Familian;Herriko / auzoko lagunekin;Ikasketetan;Ikasketetako lagunekin;Lanean,Lanean,Lanean,Ez dut ia erabiltzen,Irakurri;Idatzi;Aurkezpena egin;Eztabaidatu;Negoziatu,Irakurri;Idatzi;Aurkezpena egin;Eztabaidatu;Negoziatu,Irakurri;Idatzi;Aurkezpena egin,Ez dagokio,,
2019/09/13 9:33:40 AM CET,LH 3,Bilbon,2010,Lauro Ikastola,D,D,,C1,Ez dut,C1,Ez dut,,Familian;Herriko / auzoko lagunekin;Ikasketetan;Ikasketetako lagunekin,Familian;Herriko / auzoko lagunekin;Ikasketetan;Ikasketetako lagunekin,Ikasketetan,Ez dut ia erabiltzen,Irakurri;Idatzi;Aurkezpena egin;Eztabaidatu;Negoziatu,Irakurri;Idatzi;Aurkezpena egin;Eztabaidatu;Negoziatu,Irakurri;Idatzi;Aurkezpena egin;Eztabaidatu;Negoziatu,Irakurri,"Italiera urte batez ikasi dut eta irakurtzeko gai naizen harren, zailtasunak ditut idazteko eta ulertzeko.",
2019/09/13 9:38:23 AM CET,Minorrekoa (HH zein LH),Muskizen,2009,San Juan Bautistan,A,D,Euskaraz ikasteko. ,C1,Ez dut,Ez dut,Ez dut,,Ikasketetan;Ikasketetako lagunekin,Familian;Herriko / auzoko lagunekin;Ikasketetan;Ikasketetako lagunekin;Lanean,Ez dut ia erabiltzen,Ez dut ia erabiltzen,Irakurri;Idatzi;Aurkezpena egin;Eztabaidatu;Negoziatu,Irakurri;Idatzi;Aurkezpena egin;Eztabaidatu;Negoziatu,Irakurri;Idatzi;Aurkezpena egin,Ez dagokio,,
2019/09/13 9:48:48 AM CET,Minorrekoa (HH zein LH),Sestaon,2005,Begoñako Andra Mari La Salle,B,A,Hizkuntzagatik,Ez dut,Ez dut,Ez dut,Ez dut,,Ikasketetan;Lanean,Familian;Herriko / auzoko lagunekin;Ikasketetan;Ikasketetako lagunekin;Lanean,Ez dut ia erabiltzen,Ez dut ia erabiltzen,Irakurri;Idatzi;Aurkezpena egin;Eztabaidatu;Negoziatu,Irakurri;Idatzi;Aurkezpena egin;Eztabaidatu;Negoziatu,Irakurri;Idatzi;Aurkezpena egin,Ez dagokio,,
2019/09/13 9:50:23 AM CET,Minorrekoa (HH zein LH),Basauri,2006,San Jose ,B,B,,B2,Ez dut,Ez dut,Ez dut,,Ikasketetan;Ikasketetako lagunekin,Familian;Herriko / auzoko lagunekin;Ikasketetan;Ikasketetako lagunekin;Lanean,Ez dut ia erabiltzen,Ez dut ia erabiltzen,Irakurri;Idatzi;Aurkezpena egin;Eztabaidatu,Irakurri;Idatzi;Aurkezpena egin;Eztabaidatu;Negoziatu,Ez dagokio,Ez dagokio,,Ez
2019/09/14 2:26:23 PM CET,LH 3,Lekeitio,2010,Lekeitioko Eskola Publiko,D,D,,C1,Ez dut,Ez dut,Ez dut,,Familian;Herriko / auzoko lagunekin;Ikasketetan;Ikasketetako lagunekin;Lanean,Lanean,Lanean,Ez dut ia erabiltzen,Irakurri;Idatzi;Aurkezpena egin;Eztabaidatu;Negoziatu,Irakurri;Idatzi;Aurkezpena egin;Eztabaidatu;Negoziatu,Irakurri;Idatzi;Aurkezpena egin,Ez dagokio,,
2019/09/16 7:51:09 AM CET,LH 3,Portugaleten,2011,Santa Maria eskolan,B,A,"Batxilergoan, bakarrik D edo A eredua zegoelako eta beldurra neukan matematikak ematerako orduan ",Ez dut,Ez dut,Ez dut,Ez dut,,Ikasketetan;Lanean,Familian;Herriko / auzoko lagunekin;Ikasketetan;Ikasketetako lagunekin;Lanean,Ez dut ia erabiltzen,Ez dut ia erabiltzen,Irakurri;Idatzi;Aurkezpena egin;Eztabaidatu;Negoziatu,Irakurri;Idatzi;Aurkezpena egin;Eztabaidatu;Negoziatu,Irakurri;Idatzi;Ez dagokio,Ez dagokio,,
2019/09/16 1:35:43 PM CET,Minorrekoa (HH zein LH),Barakaldon,2008,San Vicente de Paul eta San Paulino de Nola,B,B,Ez,C1,Ez dut,C1,Ez dut,,Ikasketetan;Ikasketetako lagunekin;Lanean,Familian;Herriko / auzoko lagunekin;Ikasketetan;Ikasketetako lagunekin;Lanean,Ikasketetan,Ez dut ia erabiltzen,Irakurri;Idatzi;Aurkezpena egin;Eztabaidatu,Irakurri;Idatzi;Aurkezpena egin;Eztabaidatu;Negoziatu,Irakurri;Idatzi;Aurkezpena egin;Eztabaidatu,Ez dagokio,,
2019/09/16 4:01:37 PM CET,LH 3,Markina-Xemeinen,2010,Bekobentan,D,D,,C1,Ez dut,A2,Ez dut,,Familian;Herriko / auzoko lagunekin;Ikasketetan;Ikasketetako lagunekin;Lanean,Familian,Ez dut ia erabiltzen,Ez dut ia erabiltzen,Irakurri;Idatzi;Aurkezpena egin;Eztabaidatu;Negoziatu,Irakurri;Idatzi;Aurkezpena egin;Eztabaidatu;Negoziatu,Irakurri;Idatzi;Aurkezpena egin,Ez dagokio,,
2019/09/16 4:52:21 PM CET,LH 3,Beasain,2009,Alkartasuna Lizeoa Ikastetxea,D,D,,C1,Ez dut,B2,Ez dut,,Familian;Herriko / auzoko lagunekin;Ikasketetan,Ikasketetako lagunekin,Ez dut ia erabiltzen,Ez dut ia erabiltzen,Irakurri;Idatzi;Aurkezpena egin;Eztabaidatu;Negoziatu,Irakurri;Idatzi;Eztabaidatu,Irakurri;Idatzi;Aurkezpena egin,Ez dagokio,,
2019/09/19 2:43:24 PM CET,Minorrekoa (HH zein LH),Leioan,2006,Askartza Claret ikastetxean,D,D,,C1,Ez dut,B2,Ez dut,,Ikasketetan,Familian;Herriko / auzoko lagunekin;Ikasketetan;Ikasketetako lagunekin;Lanean,Ez dut ia erabiltzen,Ez dut ia erabiltzen,Irakurri;Idatzi;Aurkezpena egin;Eztabaidatu;Negoziatu,Irakurri;Idatzi;Aurkezpena egin;Eztabaidatu;Negoziatu,Irakurri;Idatzi;Aurkezpena egin;Eztabaidatu;Negoziatu,Ez dagokio,,
2019/10/11 11:04:21 AM CET,Minorrekoa (HH zein LH),Getxo,2010,Zubileta Ikastetxea,D,D,,B2,Ez dut,Ez dut,Ez dut,,Familian;Ikasketetan;Ikasketetako lagunekin,Familian;Herriko / auzoko lagunekin;Ikasketetan;Ikasketetako lagunekin,Herriko / auzoko lagunekin;Ikasketetan,Ez dut ia erabiltzen,Irakurri;Idatzi;Aurkezpena egin;Eztabaidatu;Negoziatu,Irakurri;Idatzi;Aurkezpena egin;Eztabaidatu;Negoziatu,Irakurri;Idatzi;Aurkezpena egin;Eztabaidatu;Negoziatu,Ez dagokio,,
2019/10/11 11:04:35 AM CET,Minorrekoa (HH zein LH),Mallabian ,2010,Learreta Markina HLHI,D,D,,Ez dut,Ez dut,Ez dut,Ez dut,,Herriko / auzoko lagunekin;Ikasketetan;Ikasketetako lagunekin;Lanean,Familian;Herriko / auzoko lagunekin;Ikasketetan;Ikasketetako lagunekin,Ez dut ia erabiltzen,Ez dut ia erabiltzen,Irakurri;Idatzi;Aurkezpena egin;Eztabaidatu;Negoziatu,Irakurri;Idatzi;Aurkezpena egin;Eztabaidatu;Negoziatu,Irakurri,Irakurri;Idatzi,Portugesa,
2019/10/11 11:08:04 AM CET,Minorrekoa (HH zein LH),Bilbon,2010,Amaren Jaun Ikastetxea,B,D,,C1,C1,B2,Ez dut,,Familian;Ikasketetan,Familian;Herriko / auzoko lagunekin;Ikasketetan,Herriko / auzoko lagunekin,Ez dut ia erabiltzen,Irakurri;Idatzi;Aurkezpena egin;Eztabaidatu;Negoziatu,Irakurri;Idatzi;Aurkezpena egin;Eztabaidatu;Negoziatu,Irakurri;Idatzi;Aurkezpena egin;Eztabaidatu,Ez dagokio,,
2019/10/11 11:09:07 AM CET,Minorrekoa (HH zein LH),Ugao,2008-2009,Ugaoko eskolan,D,D,,B1,Ez dut,Ez dut,Ez dut,,Ikasketetan,Familian;Herriko / auzoko lagunekin;Ikasketetan;Ikasketetako lagunekin,Ez dut ia erabiltzen,Ez dut ia erabiltzen,Irakurri;Idatzi;Aurkezpena egin;Eztabaidatu,Irakurri;Idatzi;Aurkezpena egin;Eztabaidatu;Negoziatu,Irakurri;Idatzi;Aurkezpena egin;Eztabaidatu,Ez dagokio,,
2019/10/11 11:12:45 AM CET,Minorrekoa (HH zein LH),Santurtzi,2010,Itsasoko Ama,D,D,,Ez dut,Ez dut,Ez dut,Ez dut,,Familian;Ikasketetan,Familian;Herriko / auzoko lagunekin;Ikasketetan;Ikasketetako lagunekin;Lanean,Ez dut ia erabiltzen,Ez dut ia erabiltzen,Irakurri;Idatzi;Aurkezpena egin;Eztabaidatu;Negoziatu,Irakurri;Idatzi;Aurkezpena egin;Eztabaidatu;Negoziatu,Irakurri;Idatzi,Ez dagokio,,
2019/10/11 11:12:47 AM CET,Minorrekoa (HH zein LH),Barakaldo,2010,Gurutzeta eskolan,D,D,,B1;B2,Ez dut,B1,Ez dut,,Ikasketetan;Ikasketetako lagunekin;Lanean,Familian;Herriko / auzoko lagunekin;Ikasketetako lagunekin;Lanean,Ikasketetan,Ez dut ia erabiltzen,Irakurri;Idatzi;Aurkezpena egin;Eztabaidatu;Negoziatu,Irakurri;Idatzi;Aurkezpena egin;Eztabaidatu;Negoziatu,Irakurri;Idatzi;Aurkezpena egin,Ez dagokio,,
2019/10/11 11:15:08 AM CET,Minorrekoa (HH zein LH),Usansolon,2007,"Unkina, Usansolon ",D,D,,B2,Ez dut,Ez dut,Ez dut,,Familian;Herriko / auzoko lagunekin;Ikasketetan;Ikasketetako lagunekin;Lanean,Familian;Herriko / auzoko lagunekin;Ikasketetako lagunekin,Ez dut ia erabiltzen,Ez dut ia erabiltzen,Irakurri;Idatzi;Aurkezpena egin;Eztabaidatu,Irakurri;Idatzi;Aurkezpena egin;Eztabaidatu,Ez dagokio,Ez dagokio,,
2019/10/11 11:15:24 AM CET,Minorrekoa (HH zein LH),"Zuatza, Aiara",2008,Etxaurren Ikastola,D,D,,C1,Ez dut,B2,Ez dut,,Ikasketetan;Ikasketetako lagunekin;Lanean,Familian;Herriko / auzoko lagunekin;Ikasketetan;Ikasketetako lagunekin,Ikasketetan,Ez dut ia erabiltzen,Irakurri;Idatzi;Aurkezpena egin;Eztabaidatu,Irakurri;Idatzi;Aurkezpena egin;Eztabaidatu;Negoziatu,Irakurri;Idatzi;Aurkezpena egin;Eztabaidatu,Ez dagokio,,
2019/10/11 11:18:02 AM CET,Minorrekoa (HH zein LH),Usansolon,2008,Unkinan,D,D,,B2,Ez dut,Ez dut,Ez dut,,Ikasketetan;Ikasketetako lagunekin;Lanean,Familian;Herriko / auzoko lagunekin,Ez dut ia erabiltzen,Ez dut ia erabiltzen,Irakurri;Idatzi;Aurkezpena egin;Eztabaidatu;Negoziatu,Irakurri;Idatzi;Aurkezpena egin;Eztabaidatu;Negoziatu,Irakurri,Ez dagokio,,
2019/10/11 11:19:23 AM CET,Minorrekoa (HH zein LH),Deustu (BIlbo),2010.urtean,Deustuko Ikastolan,D,D,,C1,C1,B2,Ez dut,,Herriko / auzoko lagunekin;Ikasketetan;Lanean,Familian;Herriko / auzoko lagunekin;Ikasketetan;Lanean,Ikasketetan,Ez dut ia erabiltzen,Irakurri;Idatzi;Aurkezpena egin;Eztabaidatu;Negoziatu,Irakurri;Idatzi;Aurkezpena egin;Eztabaidatu;Negoziatu,Irakurri;Idatzi;Aurkezpena egin,Ez dagokio,,
2019/10/11 11:19:38 AM CET,LH 3,Gorlizen,2010. urtean ,Gorlizko Ikastetxean,D,D,,B2,C1,B1,Ez dut,,Ikasketetan,Familian;Herriko / auzoko lagunekin;Ikasketetan;Ikasketetako lagunekin,Ikasketetan,Ez dut ia erabiltzen,Irakurri;Idatzi;Aurkezpena egin;Eztabaidatu;Negoziatu,Irakurri;Idatzi;Aurkezpena egin;Eztabaidatu;Negoziatu,Irakurri;Idatzi;Aurkezpena egin,Ez dagokio,,
2019/10/11 12:52:46 PM CET,Minorrekoa (HH zein LH),Portugalete ,2010,Asti leku ikastola ,D,D,,C1,C2,B2,Ez dut,,Ikasketetan,Familian;Herriko / auzoko lagunekin;Ikasketetan,Ikasketetan,Ez dut ia erabiltzen,Irakurri;Idatzi;Aurkezpena egin;Eztabaidatu;Negoziatu,Irakurri;Idatzi;Aurkezpena egin;Eztabaidatu;Negoziatu,Irakurri;Idatzi;Aurkezpena egin;Eztabaidatu;Negoziatu,Ez dagokio,,
